/*
SQLyog Community v13.2.0 (64 bit)
MySQL - 8.2.0 : Database - fasdata
*********************************************************************
*/

/*!40101 SET NAMES utf8 */;

/*!40101 SET SQL_MODE=''*/;

/*!40014 SET @OLD_UNIQUE_CHECKS=@@UNIQUE_CHECKS, UNIQUE_CHECKS=0 */;
/*!40014 SET @OLD_FOREIGN_KEY_CHECKS=@@FOREIGN_KEY_CHECKS, FOREIGN_KEY_CHECKS=0 */;
/*!40101 SET @OLD_SQL_MODE=@@SQL_MODE, SQL_MODE='NO_AUTO_VALUE_ON_ZERO' */;
/*!40111 SET @OLD_SQL_NOTES=@@SQL_NOTES, SQL_NOTES=0 */;
CREATE DATABASE /*!32312 IF NOT EXISTS*/`fasdata` /*!40100 DEFAULT CHARACTER SET utf8mb4 COLLATE utf8mb4_0900_ai_ci */ /*!80016 DEFAULT ENCRYPTION='N' */;

USE `fasdata`;

/*Table structure for table `fas_approval_node` */

DROP TABLE IF EXISTS `fas_approval_node`;

CREATE TABLE `fas_approval_node` (
  `id` bigint NOT NULL,
  `record_id` bigint DEFAULT NULL COMMENT '对应的审批记录id',
  `submit_id` bigint NOT NULL COMMENT '提交用户id',
  `receiver_id` bigint NOT NULL COMMENT '接收用户id',
  `approval_id` bigint DEFAULT NULL COMMENT '审批用户id',
  `next_node_id` bigint DEFAULT NULL COMMENT '下一节点Id',
  `file_type` tinyint DEFAULT NULL COMMENT '文件类型',
  `decription` varchar(255) CHARACTER SET utf8mb4 COLLATE utf8mb4_general_ci DEFAULT NULL COMMENT '审批意见',
  `node_type` tinyint DEFAULT '1' COMMENT '节点类型(1:发起审批;2:本人执行审批;3:他人执行审批;)',
  `permission_types` json DEFAULT NULL COMMENT '申请的权限id',
  `created_time` timestamp NULL DEFAULT CURRENT_TIMESTAMP COMMENT '创建时间',
  `created_by` bigint DEFAULT NULL COMMENT '创建者',
  `updated_time` timestamp NULL DEFAULT NULL COMMENT '更新时间',
  `updated_by` bigint DEFAULT NULL COMMENT '更新者',
  PRIMARY KEY (`id`)
) ENGINE=InnoDB DEFAULT CHARSET=utf8mb4 COLLATE=utf8mb4_general_ci;

/*Data for the table `fas_approval_node` */

insert  into `fas_approval_node`(`id`,`record_id`,`submit_id`,`receiver_id`,`approval_id`,`next_node_id`,`file_type`,`decription`,`node_type`,`permission_types`,`created_time`,`created_by`,`updated_time`,`updated_by`) values 
(1848376422004060162,1848376421966311425,1832613139325480962,1832613139325480962,NULL,NULL,1,NULL,1,'[{\"id\": 410098, \"name\": \"folderUpload\", \"type\": 1, \"showName\": \"上传\", \"discription\": \"上传文件\"}, {\"id\": 410105, \"name\": \"folderShow\", \"type\": 1, \"showName\": \"可见\", \"discription\": \"文件夹可见\"}]','2024-10-21 22:50:54',1832613139325480962,NULL,NULL),
(1848376717522137090,1848376421966311425,1832613139325480962,1832613139325480962,1832613139325480962,NULL,1,NULL,2,'[{\"id\": 410098, \"name\": \"folderUpload\", \"type\": 1, \"showName\": \"上传\", \"discription\": \"上传文件\"}, {\"id\": 410105, \"name\": \"folderShow\", \"type\": 1, \"showName\": \"可见\", \"discription\": \"文件夹可见\"}]','2024-10-21 22:52:05',1832613139325480962,NULL,NULL),
(1848644668447944705,1848644668414390273,1846929108286808065,1832613139325480962,NULL,1850821698551685121,1,NULL,1,'[{\"id\": 410102, \"name\": \"folderFileEdit\", \"type\": 1, \"showName\": \"编辑\", \"discription\": \"子文件编辑\"}, {\"id\": 410103, \"name\": \"folderFileDelete\", \"type\": 1, \"showName\": \"删除\", \"discription\": \"子文件删除\"}, {\"id\": 410100, \"name\": \"folderFileRead\", \"type\": 1, \"showName\": \"读取\", \"discription\": \"子文件读取\"}, {\"id\": 410101, \"name\": \"folderFileShow\", \"type\": 1, \"showName\": \"可见\", \"discription\": \"子文件可见\"}, {\"id\": 410098, \"name\": \"folderUpload\", \"type\": 1, \"showName\": \"上传\", \"discription\": \"上传文件\"}, {\"id\": 410099, \"name\": \"folderFileDownload\", \"type\": 1, \"showName\": \"下载\", \"discription\": \"子文件下载\"}, {\"id\": 410096, \"name\": \"folderEdit\", \"type\": 1, \"showName\": \"编辑\", \"discription\": \"文件夹编辑\"}, {\"id\": 410097, \"name\": \"folderDelete\", \"type\": 1, \"showName\": \"删除\", \"discription\": \"文件夹删除\"}, {\"id\": 410105, \"name\": \"folderShow\", \"type\": 1, \"showName\": \"可见\", \"discription\": \"文件夹可见\"}]','2024-10-22 16:36:49',1846929108286808065,NULL,NULL),
(1850821698551685121,1848644668414390273,1832613139325480962,1846929108286808065,1832613139325480962,NULL,1,NULL,4,'[{\"id\": 410102, \"name\": \"folderFileEdit\", \"type\": 1, \"showName\": \"编辑\", \"discription\": \"子文件编辑\"}, {\"id\": 410103, \"name\": \"folderFileDelete\", \"type\": 1, \"showName\": \"删除\", \"discription\": \"子文件删除\"}, {\"id\": 410100, \"name\": \"folderFileRead\", \"type\": 1, \"showName\": \"读取\", \"discription\": \"子文件读取\"}, {\"id\": 410101, \"name\": \"folderFileShow\", \"type\": 1, \"showName\": \"可见\", \"discription\": \"子文件可见\"}, {\"id\": 410098, \"name\": \"folderUpload\", \"type\": 1, \"showName\": \"上传\", \"discription\": \"上传文件\"}, {\"id\": 410099, \"name\": \"folderFileDownload\", \"type\": 1, \"showName\": \"下载\", \"discription\": \"子文件下载\"}, {\"id\": 410096, \"name\": \"folderEdit\", \"type\": 1, \"showName\": \"编辑\", \"discription\": \"文件夹编辑\"}, {\"id\": 410097, \"name\": \"folderDelete\", \"type\": 1, \"showName\": \"删除\", \"discription\": \"文件夹删除\"}, {\"id\": 410105, \"name\": \"folderShow\", \"type\": 1, \"showName\": \"可见\", \"discription\": \"文件夹可见\"}]','2024-10-28 16:47:34',1832613139325480962,NULL,NULL);

/*Table structure for table `fas_approval_node_file` */

DROP TABLE IF EXISTS `fas_approval_node_file`;

CREATE TABLE `fas_approval_node_file` (
  `id` bigint NOT NULL,
  `node_id` bigint NOT NULL COMMENT '节点id',
  `f_id` bigint NOT NULL COMMENT '文件id',
  PRIMARY KEY (`id`)
) ENGINE=InnoDB DEFAULT CHARSET=utf8mb4 COLLATE=utf8mb4_general_ci;

/*Data for the table `fas_approval_node_file` */

insert  into `fas_approval_node_file`(`id`,`node_id`,`f_id`) values 
(1848376422058586113,1848376422004060162,1847510488838213634),
(1848376717543108609,1848376717522137090,1847510488838213634),
(1848644668510859266,1848644668447944705,1847510488838213634),
(1850821698576850945,1850821698551685121,1847510488838213634);

/*Table structure for table `fas_approval_record` */

DROP TABLE IF EXISTS `fas_approval_record`;

CREATE TABLE `fas_approval_record` (
  `id` bigint NOT NULL,
  `now_node_id` bigint DEFAULT NULL COMMENT '当前流转节点id',
  `submit_id` bigint DEFAULT NULL COMMENT '提交用户id',
  `excuter_id` bigint DEFAULT NULL COMMENT '待执行人id',
  `statue` tinyint DEFAULT '1' COMMENT '状态(1:进行中;2:已通过;3:已驳回;4:有变动)',
  `content` varchar(255) CHARACTER SET utf8mb4 COLLATE utf8mb4_general_ci DEFAULT NULL COMMENT '审批内容概述',
  `created_time` timestamp NULL DEFAULT CURRENT_TIMESTAMP COMMENT '创建时间',
  `updated_time` timestamp NULL DEFAULT NULL COMMENT '更新时间',
  PRIMARY KEY (`id`)
) ENGINE=InnoDB DEFAULT CHARSET=utf8mb4 COLLATE=utf8mb4_general_ci;

/*Data for the table `fas_approval_record` */

insert  into `fas_approval_record`(`id`,`now_node_id`,`submit_id`,`excuter_id`,`statue`,`content`,`created_time`,`updated_time`) values 
(1848376421966311425,1848376717522137090,1832613139325480962,1832613139325480962,2,'申请权限','2024-10-21 22:50:55','2024-10-21 22:52:05'),
(1848644668414390273,1850821698551685121,1846929108286808065,1832613139325480962,3,'申请权限','2024-10-22 16:36:50','2024-10-28 16:47:34');

/*Table structure for table `fas_dept` */

DROP TABLE IF EXISTS `fas_dept`;

CREATE TABLE `fas_dept` (
  `id` bigint unsigned NOT NULL AUTO_INCREMENT,
  `parent_id` bigint DEFAULT '0' COMMENT '父id',
  `name` varchar(30) NOT NULL COMMENT '部门名称',
  `statue` tinyint DEFAULT '1' COMMENT '状态',
  `created_time` timestamp NOT NULL DEFAULT CURRENT_TIMESTAMP COMMENT '创建时间',
  `created_by` bigint DEFAULT '-1' COMMENT '创建者（-1：为系统本身，-2为用户自身操作）',
  `updated_time` timestamp NULL DEFAULT NULL COMMENT '更新时间',
  `updated_by` bigint DEFAULT NULL COMMENT '更新者',
  PRIMARY KEY (`id`)
) ENGINE=InnoDB AUTO_INCREMENT=1850861167426392067 DEFAULT CHARSET=utf8mb4 COLLATE=utf8mb4_0900_ai_ci;

/*Data for the table `fas_dept` */

insert  into `fas_dept`(`id`,`parent_id`,`name`,`statue`,`created_time`,`created_by`,`updated_time`,`updated_by`) values 
(1843259285538394114,0,'ICE-T',1,'2024-10-07 19:57:14',1832613139325480962,'2024-10-28 19:24:03',NULL),
(1850820397906403330,1843259285538394114,'创新实验室',1,'2024-10-28 16:42:24',1832613139325480962,NULL,NULL),
(1850820460011462658,1843259285538394114,'电子设计部',1,'2024-10-28 16:42:39',1832613139325480962,NULL,NULL),
(1850820498208989185,1843259285538394114,'结构设计部',1,'2024-10-28 16:42:48',1832613139325480962,NULL,NULL),
(1850820547676610562,1843259285538394114,'综合部',1,'2024-10-28 16:43:00',1832613139325480962,'2024-10-28 17:15:05',NULL),
(1850820572330729474,1843259285538394114,'市场部',1,'2024-10-28 16:43:06',1832613139325480962,NULL,NULL),
(1850820595789471746,1843259285538394114,'项目部',1,'2024-10-28 16:43:11',1832613139325480962,NULL,NULL),
(1850820668871024642,1843259285538394114,'采购部',1,'2024-10-28 16:43:29',1832613139325480962,NULL,NULL),
(1850860984328245249,1850820547676610562,'人事部',1,'2024-10-28 19:23:41',1832613139325480962,NULL,NULL),
(1850861040414478337,1850820547676610562,'财务部',1,'2024-10-28 19:23:54',1832613139325480962,NULL,NULL),
(1850861136468234242,1843259285538394114,'质量部',1,'2024-10-28 19:24:17',1832613139325480962,NULL,NULL),
(1850861167426392066,1843259285538394114,'生产部',1,'2024-10-28 19:24:24',1832613139325480962,NULL,NULL);

/*Table structure for table `fas_document` */

DROP TABLE IF EXISTS `fas_document`;

CREATE TABLE `fas_document` (
  `id` bigint unsigned NOT NULL,
  `name` varchar(255) NOT NULL COMMENT '文件名称',
  `realname` varchar(255) DEFAULT NULL COMMENT '实际名称',
  `size` varchar(255) CHARACTER SET utf8mb4 COLLATE utf8mb4_0900_ai_ci NOT NULL COMMENT '大小',
  `path` varchar(255) DEFAULT NULL COMMENT '路径',
  `type` varchar(255) DEFAULT NULL COMMENT '类型',
  `p_folderId` bigint NOT NULL COMMENT '所属文件夹',
  `discription` longtext COMMENT '描述',
  `created_time` timestamp NULL DEFAULT CURRENT_TIMESTAMP COMMENT '创建时间',
  `created_by` bigint DEFAULT NULL COMMENT '创建者',
  `updated_time` timestamp NULL DEFAULT NULL COMMENT '更新时间',
  `updated_by` bigint DEFAULT NULL COMMENT '更新者',
  PRIMARY KEY (`id`)
) ENGINE=InnoDB DEFAULT CHARSET=utf8mb4 COLLATE=utf8mb4_0900_ai_ci;

/*Data for the table `fas_document` */

/*Table structure for table `fas_document_share` */

DROP TABLE IF EXISTS `fas_document_share`;

CREATE TABLE `fas_document_share` (
  `id` bigint NOT NULL,
  `document_id` bigint DEFAULT NULL COMMENT '文件id',
  `encryption_link` varchar(255) CHARACTER SET utf8mb4 COLLATE utf8mb4_0900_ai_ci DEFAULT NULL COMMENT '相对链接',
  `exist_time` timestamp NULL DEFAULT NULL COMMENT '存在时间',
  `created_time` timestamp NULL DEFAULT NULL COMMENT '创建时间',
  `created_by` bigint DEFAULT NULL COMMENT '创建者',
  PRIMARY KEY (`id`)
) ENGINE=InnoDB DEFAULT CHARSET=utf8mb4 COLLATE=utf8mb4_0900_ai_ci;

/*Data for the table `fas_document_share` */

/*Table structure for table `fas_folder` */

DROP TABLE IF EXISTS `fas_folder`;

CREATE TABLE `fas_folder` (
  `id` bigint NOT NULL,
  `pid` bigint NOT NULL DEFAULT '0' COMMENT '父文件夹id',
  `name` varchar(255) CHARACTER SET utf8mb4 COLLATE utf8mb4_0900_ai_ci NOT NULL COMMENT '名称',
  `path` varchar(255) CHARACTER SET utf8mb4 COLLATE utf8mb4_0900_ai_ci NOT NULL COMMENT '系统路径',
  `created_time` timestamp NULL DEFAULT CURRENT_TIMESTAMP COMMENT '创建时间',
  `created_by` bigint DEFAULT NULL COMMENT '创建者',
  `updated_time` timestamp NULL DEFAULT NULL COMMENT '更新者',
  `updated_by` bigint DEFAULT NULL COMMENT '更新时间',
  PRIMARY KEY (`id`)
) ENGINE=InnoDB DEFAULT CHARSET=utf8mb4 COLLATE=utf8mb4_0900_ai_ci;

/*Data for the table `fas_folder` */

insert  into `fas_folder`(`id`,`pid`,`name`,`path`,`created_time`,`created_by`,`updated_time`,`updated_by`) values 
(1847510488838213634,0,'ICE-T','/总公司','2024-10-19 13:30:00',1832613139325480962,'2024-10-28 19:25:51',1832613139325480962),
(1850862034871373826,1847510488838213634,'01-Product-Line','/总公司/01-product-line','2024-10-28 19:27:51',1832613139325480962,'2024-10-28 19:34:54',1832613139325480962),
(1850862180334030849,1847510488838213634,'02-Marketing','/总公司/02-marketing','2024-10-28 19:28:26',1832613139325480962,'2024-10-28 19:34:40',1832613139325480962),
(1850862444789092354,1847510488838213634,'03-Finance','/总公司/03-finance','2024-10-28 19:29:29',1832613139325480962,'2024-10-28 19:36:20',1832613139325480962),
(1850863684382085122,1847510488838213634,'04-Project-Management','/总公司/04-Project-Management','2024-10-28 19:34:24',1832613139325480962,NULL,NULL),
(1850863965345927170,1847510488838213634,'05-Supply-Chain','/总公司/05-Supply-Chain','2024-10-28 19:35:31',1832613139325480962,NULL,NULL),
(1850864053828964353,1847510488838213634,'06-Engineering','/总公司/06-Engineering','2024-10-28 19:35:52',1832613139325480962,NULL,NULL),
(1850864373988577282,1847510488838213634,'07-HR-Admin','/总公司/07-HR-Admin','2024-10-28 19:37:09',1832613139325480962,NULL,NULL),
(1850864451528675330,1847510488838213634,'08-IT','/总公司/08-IT','2024-10-28 19:37:27',1832613139325480962,NULL,NULL),
(1850864622408814594,1847510488838213634,'09-Quality','/总公司/09-Quality','2024-10-28 19:38:08',1832613139325480962,NULL,NULL),
(1850864693598736386,1847510488838213634,'10-Production','/总公司/10-production','2024-10-28 19:38:25',1832613139325480962,'2024-10-28 19:53:39',1832613139325480962),
(1850864755368251394,1847510488838213634,'11-Product-Document-Control','/总公司/11-Product Document Control','2024-10-28 19:38:40',1832613139325480962,'2024-10-28 19:55:42',1832613139325480962),
(1850864817167126530,1847510488838213634,'12-Public','/总公司/12-Public','2024-10-28 19:38:54',1832613139325480962,NULL,NULL),
(1850865648545288194,1850862034871373826,'03-System-Integration','/总公司/01-product-line/03-System-Integration','2024-10-28 19:42:13',1832613139325480962,NULL,NULL),
(1850865706837725186,1850862034871373826,'01-Current-Sensor','/总公司/01-product-line/01-Current-Sensor','2024-10-28 19:42:27',1832613139325480962,NULL,NULL),
(1850865771912351745,1850862034871373826,'02-Pressure-Sensor','/总公司/01-product-line/02-Pressure-Sensor','2024-10-28 19:42:42',1832613139325480962,NULL,NULL),
(1850865914170560514,1850862180334030849,'01-Sales control documents','/总公司/02-marketing/01-Sales control documents','2024-10-28 19:43:16',1832613139325480962,NULL,NULL),
(1850866138423218177,1850863684382085122,'01-项目汇总','/总公司/04-Project-Management/01-项目汇总','2024-10-28 19:44:09',1832613139325480962,NULL,NULL),
(1850866232329490434,1850863684382085122,'02-NPD&NBO','/总公司/04-Project-Management/02-NPD&NBO','2024-10-28 19:44:32',1832613139325480962,NULL,NULL),
(1850866288315060225,1850863684382085122,'03-日常会议','/总公司/04-Project-Management/03-日常会议','2024-10-28 19:44:45',1832613139325480962,NULL,NULL),
(1850866341301702657,1850863684382085122,'04-样品管理','/总公司/04-Project-Management/04-样品管理','2024-10-28 19:44:58',1832613139325480962,NULL,NULL),
(1850866414148374529,1850863684382085122,'05-项目管理流程','/总公司/04-Project-Management/05-项目管理流程','2024-10-28 19:45:15',1832613139325480962,NULL,NULL),
(1850866466501677058,1850863684382085122,'06-年度计划','/总公司/04-Project-Management/06-年度计划','2024-10-28 19:45:28',1832613139325480962,NULL,NULL),
(1850866544700280833,1850863684382085122,'07-常用信息','/总公司/04-Project-Management/07-常用信息','2024-10-28 19:45:46',1832613139325480962,NULL,NULL),
(1850866601856061441,1850863684382085122,'08-变更管理','/总公司/04-Project-Management/08-变更管理','2024-10-28 19:46:00',1832613139325480962,NULL,NULL),
(1850866703014285314,1850863684382085122,'09-供应链管理','/总公司/04-Project-Management/09-供应链管理','2024-10-28 19:46:24',1832613139325480962,NULL,NULL),
(1850866746144313346,1850863684382085122,'10-客户审核','/总公司/04-Project-Management/10-客户审核','2024-10-28 19:46:34',1832613139325480962,NULL,NULL),
(1850866962721394689,1850864053828964353,'01-Project-Documents','/总公司/06-Engineering/01-Project-Documents','2024-10-28 19:47:26',1832613139325480962,NULL,NULL),
(1850867015385075714,1850864053828964353,'02-Mechanical-Design','/总公司/06-Engineering/02-Mechanical-Design','2024-10-28 19:47:39',1832613139325480962,NULL,NULL),
(1850867069923610625,1850864053828964353,'03-Electrical-Design','/总公司/06-Engineering/03-Electrical-Design','2024-10-28 19:47:52',1832613139325480962,NULL,NULL),
(1850867147761504257,1850864053828964353,'04-Software -Design','/总公司/06-Engineering/04-Software -Design','2024-10-28 19:48:10',1832613139325480962,NULL,NULL),
(1850867205433184257,1850864053828964353,'05-Lab','/总公司/06-Engineering/05-Lab','2024-10-28 19:48:24',1832613139325480962,NULL,NULL),
(1850867259350962178,1850864053828964353,'06-Document-control','/总公司/06-Engineering/06-Document-control','2024-10-28 19:48:37',1832613139325480962,NULL,NULL),
(1850867372416815105,1850864053828964353,'07-Bill-of-Material-Database','/总公司/06-Engineering/07-Bill-of-Material-Database','2024-10-28 19:49:04',1832613139325480962,NULL,NULL),
(1850867565522571265,1850864053828964353,'08-Documents-Control','/总公司/06-Engineering/08-Documents-Control','2024-10-28 19:49:50',1832613139325480962,NULL,NULL),
(1850867635953324033,1850864053828964353,'09-Components-Database','/总公司/06-Engineering/09-Components-Database','2024-10-28 19:50:07',1832613139325480962,NULL,NULL),
(1850867706593792002,1850864053828964353,'10-Engineering Forum','/总公司/06-Engineering/10-Engineering Forum','2024-10-28 19:50:23',1832613139325480962,NULL,NULL),
(1850868054045741057,1850864373988577282,'01-Rules-Regulations','/总公司/07-HR-Admin/01-Rules-Regulations','2024-10-28 19:51:46',1832613139325480962,NULL,NULL),
(1850868120651288578,1850864373988577282,'02-Personnel-Files','/总公司/07-HR-Admin/02-Personnel-Files','2024-10-28 19:52:02',1832613139325480962,NULL,NULL),
(1850868270887063554,1850864622408814594,'01-Public-Quality','/总公司/09-Quality/01-Public quality','2024-10-28 19:52:38',1832613139325480962,'2024-10-28 19:52:51',1832613139325480962),
(1850868414353231873,1850864622408814594,'02-Controlled-Quality','/总公司/09-Quality/02-Controlled-Quality','2024-10-28 19:53:12',1832613139325480962,NULL,NULL),
(1850868591503855618,1850864693598736386,'01-Current-Sensor','/总公司/10-production/01-Current-Sensor','2024-10-28 19:53:54',1832613139325480962,NULL,NULL),
(1850868658881155074,1850864693598736386,'02-Pressure-Sensor','/总公司/10-production/02-Pressure-Sensor','2024-10-28 19:54:10',1832613139325480962,NULL,NULL),
(1850868719757283330,1850864693598736386,'03-System-Integration','/总公司/10-production/03-System-Integration','2024-10-28 19:54:25',1832613139325480962,NULL,NULL),
(1850868861851914242,1850864755368251394,'01-Engineering-Documents','/总公司/11-Product Document Control/01-Engineering-Documents','2024-10-28 19:54:59',1832613139325480962,NULL,NULL),
(1850868957767258114,1850864755368251394,'02-Production-Documents','/总公司/11-Product Document Control/02-Production-Documents','2024-10-28 19:55:22',1832613139325480962,NULL,NULL);

/*Table structure for table `fas_login_record` */

DROP TABLE IF EXISTS `fas_login_record`;

CREATE TABLE `fas_login_record` (
  `id` bigint NOT NULL,
  `u_id` bigint NOT NULL COMMENT '用户id',
  `ip` varchar(255) DEFAULT NULL COMMENT 'ip',
  `address` varchar(255) CHARACTER SET utf8mb4 COLLATE utf8mb4_0900_ai_ci DEFAULT NULL COMMENT '登录地址',
  `created_time` timestamp NULL DEFAULT NULL,
  PRIMARY KEY (`id`)
) ENGINE=InnoDB DEFAULT CHARSET=utf8mb4 COLLATE=utf8mb4_0900_ai_ci;

/*Data for the table `fas_login_record` */

insert  into `fas_login_record`(`id`,`u_id`,`ip`,`address`,`created_time`) values 
(1847571978052071426,1832613139325480962,'192.168.8.188','192.168.8.188','2024-10-19 17:34:20'),
(1847611105774563330,1832613139325480962,'192.168.8.188','192.168.8.188','2024-10-19 20:09:49'),
(1847884331100565506,1832613139325480962,'192.168.8.188','192.168.8.188','2024-10-20 14:15:31'),
(1847905416160374785,1832613139325480962,'192.168.8.188','192.168.8.188','2024-10-20 15:39:18'),
(1847952310869848065,1832613139325480962,'192.168.8.188','192.168.8.188','2024-10-20 18:45:39'),
(1847953047104417794,1832613139325480962,'192.168.8.188','192.168.8.188','2024-10-20 18:48:34'),
(1847954203851517954,1832613139325480962,'192.168.8.188','192.168.8.188','2024-10-20 18:53:10'),
(1847955679667712001,1832613139325480962,'192.168.8.188','192.168.8.188','2024-10-20 18:59:02'),
(1847962481016860674,1832613139325480962,'192.168.8.188','192.168.8.188','2024-10-20 19:26:04'),
(1848563657127129089,1846929108286808065,'192.168.8.188','192.168.8.188','2024-10-22 11:14:55'),
(1848623815110848513,1846929108286808065,'192.168.8.188','192.168.8.188','2024-10-22 15:13:58'),
(1848641036776271874,1846929108286808065,'192.168.8.188','192.168.8.188','2024-10-22 16:22:24'),
(1848883325842911233,1832613139325480962,'192.168.8.188','192.168.8.188','2024-10-23 08:25:10'),
(1849051633489702913,1832613139325480962,'192.168.8.188','192.168.8.188','2024-10-23 19:33:58'),
(1849379603974615042,1846929108286808065,'192.168.8.188','192.168.8.188','2024-10-24 17:17:12'),
(1849429023453769729,1832613139325480962,'192.168.8.188','192.168.8.188','2024-10-24 20:33:35'),
(1849601854594510849,1846929108286808065,'192.168.8.188','192.168.8.188','2024-10-25 08:00:21'),
(1849778492917575682,1832613139325480962,'192.168.8.188','192.168.8.188','2024-10-25 19:42:15'),
(1849779707747397633,1832613139325480962,'192.168.8.188','192.168.8.188','2024-10-25 19:47:04'),
(1849780289581248513,1832613139325480962,'192.168.8.188','192.168.8.188','2024-10-25 19:49:23'),
(1849781471984906241,1846929108286808065,'192.168.8.188','192.168.8.188','2024-10-25 19:54:05'),
(1849785835067699202,1832613139325480962,'192.168.8.188','192.168.8.188','2024-10-25 20:11:25'),
(1849821199446732801,1832613139325480962,'192.168.8.188','192.168.8.188','2024-10-25 22:31:57'),
(1850108303175217154,1832613139325480962,'192.168.8.188','192.168.8.188','2024-10-26 17:32:47'),
(1850169298237157377,1832613139325480962,'192.168.8.188','192.168.8.188','2024-10-26 21:35:10'),
(1850185121525821441,1832613139325480962,'192.168.8.188','192.168.8.188','2024-10-26 22:38:02'),
(1850185138655358978,1832613139325480962,'192.168.8.188','192.168.8.188','2024-10-26 22:38:06'),
(1850418784591048705,1832613139325480962,'192.168.8.188','192.168.8.188','2024-10-27 14:06:32'),
(1850699812094242818,1832613139325480962,'192.168.8.188','192.168.8.188','2024-10-28 08:43:14'),
(1850699813021184002,1832613139325480962,'192.168.8.188','192.168.8.188','2024-10-28 08:43:14'),
(1850699907741151234,1832613139325480962,'192.168.8.188','192.168.8.188','2024-10-28 08:43:37'),
(1850700563298283522,1846929108286808065,'192.168.8.188','192.168.8.188','2024-10-28 08:46:13'),
(1850718283158941698,1832613139325480962,'192.168.8.188','192.168.8.188','2024-10-28 09:56:38'),
(1850718283158941699,1832613139325480962,'192.168.8.188','192.168.8.188','2024-10-28 09:56:38'),
(1850756267426062338,1832613139325480962,'192.168.8.188','192.168.8.188','2024-10-28 12:27:34'),
(1850756912241582082,1832613139325480962,'192.168.8.188','192.168.8.188','2024-10-28 12:30:08'),
(1850820069081358338,1832613139325480962,'192.168.8.188','192.168.8.188','2024-10-28 16:41:06'),
(1850822000726122497,1832613139325480962,'192.168.8.188','192.168.8.188','2024-10-28 16:48:46'),
(1850822552562311170,1832613139325480962,'192.168.8.188','192.168.8.188','2024-10-28 16:50:58'),
(1850823324897255425,1832613139325480962,'192.168.8.188','192.168.8.188','2024-10-28 16:54:02'),
(1850824027313152002,1832613139325480962,'192.168.8.188','192.168.8.188','2024-10-28 16:56:49'),
(1850825679302725634,1832613139325480962,'192.168.8.188','192.168.8.188','2024-10-28 17:03:23'),
(1850827177813422081,1832613139325480962,'192.168.72.1','10.2.92.48','2024-10-28 17:09:21'),
(1850827942763155457,1832613139325480962,'121.37.39.206','192.168.8.188','2024-10-28 17:12:23'),
(1850860893253128193,1832613139325480962,'121.37.39.206','192.168.8.188','2024-10-28 19:23:19'),
(1850875784550666242,1832613139325480962,'121.37.39.206','192.168.8.188','2024-10-28 20:22:29'),
(1850877672868270081,1832613139325480962,'121.37.39.206','192.168.8.188','2024-10-28 20:30:00'),
(1850881438374998017,1832613139325480962,'192.168.72.1','10.2.92.48','2024-10-28 20:44:57'),
(1850881511804678145,1832613139325480962,'192.168.72.1','10.2.92.48','2024-10-28 20:45:15'),
(1850881846480744449,1832613139325480962,'192.168.72.1','10.2.92.48','2024-10-28 20:46:35'),
(1850886932125585410,1832613139325480962,'121.37.39.206','192.168.8.188','2024-10-28 21:06:47'),
(1850888908757606402,1832613139325480962,'192.168.72.1','10.2.92.48','2024-10-28 21:14:38');

/*Table structure for table `fas_operation_record` */

DROP TABLE IF EXISTS `fas_operation_record`;

CREATE TABLE `fas_operation_record` (
  `id` bigint NOT NULL,
  `type` varchar(255) DEFAULT NULL COMMENT '类型',
  `content` longtext COMMENT '内容',
  `u_id` bigint DEFAULT NULL COMMENT '操作用户Id',
  `created_time` timestamp NULL DEFAULT NULL COMMENT '创建时间',
  PRIMARY KEY (`id`)
) ENGINE=InnoDB DEFAULT CHARSET=utf8mb4 COLLATE=utf8mb4_0900_ai_ci;

/*Data for the table `fas_operation_record` */

insert  into `fas_operation_record`(`id`,`type`,`content`,`u_id`,`created_time`) values 
(1847952664202211329,'文件操作','ICET用户 上传文件 SMSSDK.docx',1832613139325480962,'2024-10-20 18:47:03'),
(1847963389549244418,'目录操作','ICET用户 删除文件 SMSSDK.docx',1832613139325480962,'2024-10-20 19:29:40'),
(1847963404359331841,'目录操作','ICET用户 删除目录 演示目录',1832613139325480962,'2024-10-20 19:29:44'),
(1848375655197208578,'文件操作','ICET用户 上传文件 request.xml',1832613139325480962,'2024-10-21 22:47:52'),
(1848375714596941825,'目录操作','ICET用户 向 总公司 目录添加了权限【 子文件编辑, 子文件删除, 子文件读取, 子文件可见, 上传文件, 子文件下载, 文件夹编辑, 文件夹删除, 文件夹管理, 文件夹可见 】,操作对象为用户 测试用户李四',1832613139325480962,'2024-10-21 22:48:06'),
(1848564014951591937,'文件操作','测试用户李四 上传文件 冰零藏书.xlsx',1846929108286808065,'2024-10-22 11:16:20'),
(1848629881638907905,'文件操作','测试用户李四 上传文件 磁通门样件需求.xlsx',1846929108286808065,'2024-10-22 15:38:04'),
(1848629944473776129,'目录操作','测试用户李四 删除文件 磁通门样件需求.xlsx',1846929108286808065,'2024-10-22 15:38:19'),
(1848630290050871297,'目录操作','测试用户李四 删除目录 磁通门500A',1846929108286808065,'2024-10-22 15:39:42'),
(1848631772410179586,'文件操作','测试用户李四 上传文件 磁通门样件需求.xlsx',1846929108286808065,'2024-10-22 15:45:35'),
(1848633642205736962,'目录操作','测试用户李四 删除文件 磁通门样件需求.xlsx',1846929108286808065,'2024-10-22 15:53:01'),
(1848633689660092417,'文件操作','测试用户李四 上传文件 磁通门样件需求.xlsx',1846929108286808065,'2024-10-22 15:53:12'),
(1849784077243281409,'目录操作','测试用户李四 删除目录 演示目录',1846929108286808065,'2024-10-25 20:04:26'),
(1849821615249059842,'部门操作','ICET用户 删除了目录 演示目录 管理用户 测试用户李四',1832613139325480962,'2024-10-25 22:33:36'),
(1849822014379028482,'文件操作','ICET用户 上传文件 系统设计文档.docx',1832613139325480962,'2024-10-25 22:35:11'),
(1849822182922940417,'目录操作','ICET用户 分享文件 系统设计文档.docx',1832613139325480962,'2024-10-25 22:35:51'),
(1849822639414210561,'部门操作','ICET用户 向 总公司 部门添加用户 测试用户李四',1832613139325480962,'2024-10-25 22:37:40'),
(1850170228374401025,'目录操作','ICET用户 删除目录 采购部',1832613139325480962,'2024-10-26 21:38:52'),
(1850175176604545025,'文件操作','ICET用户 上传文件 随笔.txt',1832613139325480962,'2024-10-26 21:58:31'),
(1850175446277320706,'目录操作','ICET用户 分享文件 随笔.txt',1832613139325480962,'2024-10-26 21:59:36'),
(1850175463566241794,'目录操作','ICET用户 分享文件 随笔.txt',1832613139325480962,'2024-10-26 21:59:40'),
(1850175480481869826,'目录操作','ICET用户 分享文件 随笔.txt',1832613139325480962,'2024-10-26 21:59:44'),
(1850175514975825922,'目录操作','ICET用户 分享文件 随笔.txt',1832613139325480962,'2024-10-26 21:59:52'),
(1850175950340386818,'文件操作','ICET用户 下载文件 随笔.txt',1832613139325480962,'2024-10-26 22:01:36'),
(1850176000890138625,'文件操作','ICET用户 下载文件 随笔.txt',1832613139325480962,'2024-10-26 22:01:48'),
(1850176021278650369,'文件操作','ICET用户 下载文件 随笔.txt',1832613139325480962,'2024-10-26 22:01:53'),
(1850176039389655042,'文件操作','ICET用户 下载文件 随笔.txt',1832613139325480962,'2024-10-26 22:01:57'),
(1850176341652172802,'目录操作','ICET用户 删除文件 随笔.txt',1832613139325480962,'2024-10-26 22:03:09'),
(1850177454673653761,'文件操作','ICET用户 上传文件 随笔.txt',1832613139325480962,'2024-10-26 22:07:34'),
(1850177586878115842,'文件操作','ICET用户 上传文件 图片4.jpg',1832613139325480962,'2024-10-26 22:08:06'),
(1850177699465818113,'目录操作','ICET用户 删除文件 随笔.txt',1832613139325480962,'2024-10-26 22:08:33'),
(1850177699616813057,'目录操作','ICET用户 删除文件 图片4.jpg',1832613139325480962,'2024-10-26 22:08:33'),
(1850177742419685377,'文件操作','ICET用户 上传文件 苍穹开发者工具介绍.pdf',1832613139325480962,'2024-10-26 22:08:43'),
(1850177936792121346,'文件操作','ICET用户 上传文件 channel_data.csv',1832613139325480962,'2024-10-26 22:09:29'),
(1850178191793221634,'文件操作','ICET用户 上传文件 1~16.xlsx',1832613139325480962,'2024-10-26 22:10:30'),
(1850178408001204226,'文件操作','ICET用户 上传文件 test.mp4',1832613139325480962,'2024-10-26 22:11:22'),
(1850178415496425474,'文件操作','ICET用户 读取文件 test.mp4',1832613139325480962,'2024-10-26 22:11:24'),
(1850178548078374913,'目录操作','ICET用户 删除文件 苍穹开发者工具介绍.pdf',1832613139325480962,'2024-10-26 22:11:55'),
(1850178548204204033,'目录操作','ICET用户 删除文件 channel_data.csv',1832613139325480962,'2024-10-26 22:11:55'),
(1850178548313255938,'目录操作','ICET用户 删除文件 1~16.xlsx',1832613139325480962,'2024-10-26 22:11:55'),
(1850178548447473666,'目录操作','ICET用户 删除文件 test.mp4',1832613139325480962,'2024-10-26 22:11:55'),
(1850181935171792897,'部门操作','ICET用户 创建部门 演示部门',1832613139325480962,'2024-10-26 22:25:23'),
(1850181947750510593,'部门操作','ICET用户 删除部门 演示部门',1832613139325480962,'2024-10-26 22:25:26'),
(1850181991249637377,'部门操作','ICET用户 创建部门 演示部门',1832613139325480962,'2024-10-26 22:25:36'),
(1850182001827672065,'部门操作','ICET用户 删除部门 演示部门',1832613139325480962,'2024-10-26 22:25:39'),
(1850182036128690178,'部门操作','ICET用户 创建部门 演示部门',1832613139325480962,'2024-10-26 22:25:47'),
(1850183041373335554,'部门操作','ICET用户 向 总公司 部门添加用户 测试用户李四',1832613139325480962,'2024-10-26 22:29:46'),
(1850185221622886401,'文件操作','ICET用户 上传文件 云慧智行-线上马拉松活动平台.pptx',1832613139325480962,'2024-10-26 22:38:26'),
(1850427805003837441,'部门操作','ICET用户 创建部门 采购部',1832613139325480962,'2024-10-27 14:42:23'),
(1850427832677855233,'部门操作','ICET用户 创建部门 财务部',1832613139325480962,'2024-10-27 14:42:29'),
(1850427927032918017,'部门操作','ICET用户 编辑部门信息 开发部',1832613139325480962,'2024-10-27 14:42:52'),
(1850476458254954497,'目录操作','ICET用户 删除目录 财务部',1832613139325480962,'2024-10-27 17:55:42'),
(1850476458330451969,'目录操作','ICET用户 删除目录 开发部',1832613139325480962,'2024-10-27 17:55:43'),
(1850476458594693122,'目录操作','ICET用户 删除目录 演示目录',1832613139325480962,'2024-10-27 17:55:43'),
(1850820398090952705,'部门操作','ICET用户 创建部门 创新实验室',1832613139325480962,'2024-10-28 16:42:24'),
(1850820460175040514,'部门操作','ICET用户 创建部门 电子设计部',1832613139325480962,'2024-10-28 16:42:39'),
(1850820498364178434,'部门操作','ICET用户 创建部门 结构设计部',1832613139325480962,'2024-10-28 16:42:48'),
(1850820547815022594,'部门操作','ICET用户 创建部门 综合部',1832613139325480962,'2024-10-28 16:43:00'),
(1850820572481724418,'部门操作','ICET用户 创建部门 市场部',1832613139325480962,'2024-10-28 16:43:06'),
(1850820595936272385,'部门操作','ICET用户 创建部门 项目部',1832613139325480962,'2024-10-28 16:43:11'),
(1850820669034602498,'部门操作','ICET用户 创建部门 采购部',1832613139325480962,'2024-10-28 16:43:29'),
(1850822813053755394,'部门操作','ICET用户 删除部门 开发部',1832613139325480962,'2024-10-28 16:52:00'),
(1850822813179584513,'部门操作','ICET用户 删除部门 财务部',1832613139325480962,'2024-10-28 16:52:00'),
(1850822813263470593,'部门操作','ICET用户 删除部门 演示部门',1832613139325480962,'2024-10-28 16:52:00'),
(1850824713249628161,'部门操作','ICET用户 创建部门 ICET',1832613139325480962,'2024-10-28 16:59:33'),
(1850824728051326977,'部门操作','ICET用户 删除部门 ICET',1832613139325480962,'2024-10-28 16:59:36'),
(1850827217432817666,'部门操作','ICET用户 编辑部门信息 ICET',1832613139325480962,'2024-10-28 17:09:30'),
(1850828022702395394,'部门操作','ICET用户 编辑部门信息 ICET1',1832613139325480962,'2024-10-28 17:12:42'),
(1850828053538918402,'部门操作','ICET用户 编辑部门信息 ICET',1832613139325480962,'2024-10-28 17:12:49'),
(1850828610232111105,'部门操作','ICET用户 编辑部门信息 综合部1',1832613139325480962,'2024-10-28 17:15:02'),
(1850828623137984513,'部门操作','ICET用户 编辑部门信息 综合部',1832613139325480962,'2024-10-28 17:15:05'),
(1850860984521183234,'部门操作','ICET用户 创建部门 人事部',1832613139325480962,'2024-10-28 19:23:41'),
(1850861040569667585,'部门操作','ICET用户 创建部门 财务部',1832613139325480962,'2024-10-28 19:23:54'),
(1850861078997880833,'部门操作','ICET用户 编辑部门信息 ICE-T',1832613139325480962,'2024-10-28 19:24:03'),
(1850861136623423489,'部门操作','ICET用户 创建部门 质量部',1832613139325480962,'2024-10-28 19:24:17'),
(1850861167585775617,'部门操作','ICET用户 创建部门 生产部',1832613139325480962,'2024-10-28 19:24:24'),
(1850861529491296257,'目录操作','ICET用户 重命名目录 ICE-T',1832613139325480962,'2024-10-28 19:25:51'),
(1850861853216067586,'目录操作','ICET用户 删除目录 磁通门',1832613139325480962,'2024-10-28 19:27:08'),
(1850861853371256833,'目录操作','ICET用户 删除目录 项目部',1832613139325480962,'2024-10-28 19:27:08'),
(1850861881175298049,'目录操作','ICET用户 删除文件 request.xml',1832613139325480962,'2024-10-28 19:27:14'),
(1850861881301127170,'目录操作','ICET用户 删除文件 冰零藏书.xlsx',1832613139325480962,'2024-10-28 19:27:15'),
(1850863749221830657,'目录操作','ICET用户 重命名目录 02-Marketing',1832613139325480962,'2024-10-28 19:34:40'),
(1850863808474763265,'目录操作','ICET用户 重命名目录 01-Product-Line',1832613139325480962,'2024-10-28 19:34:54'),
(1850864170887794689,'目录操作','ICET用户 重命名目录 03-Finance',1832613139325480962,'2024-10-28 19:36:20'),
(1850865461454163969,'目录操作','ICET用户 删除目录 03-System-Integration',1832613139325480962,'2024-10-28 19:41:28'),
(1850865461542244353,'目录操作','ICET用户 删除目录 01-Current-Sensor',1832613139325480962,'2024-10-28 19:41:28'),
(1850865461621936129,'目录操作','ICET用户 删除目录 02-Pressure-Sensor',1832613139325480962,'2024-10-28 19:41:28'),
(1850868326474174465,'目录操作','ICET用户 重命名目录 01-Public-Quality',1832613139325480962,'2024-10-28 19:52:51'),
(1850868525632311297,'目录操作','ICET用户 重命名目录 10-Production',1832613139325480962,'2024-10-28 19:53:39'),
(1850869042311843842,'目录操作','ICET用户 重命名目录 11-Product-Document-Control',1832613139325480962,'2024-10-28 19:55:42'),
(1850869936348712962,'部门操作','ICET用户 删除了目录 ICE-T 管理用户 测试用户李四',1832613139325480962,'2024-10-28 19:59:15');

/*Table structure for table `fas_permission` */

DROP TABLE IF EXISTS `fas_permission`;

CREATE TABLE `fas_permission` (
  `id` bigint unsigned NOT NULL AUTO_INCREMENT,
  `permission_type_id` json DEFAULT NULL COMMENT '权限类型数组',
  `created_time` timestamp NOT NULL DEFAULT CURRENT_TIMESTAMP ON UPDATE CURRENT_TIMESTAMP COMMENT '创建时间',
  `created_by` bigint NOT NULL DEFAULT '-1' COMMENT '创建者（-1：为系统本身，-2为用户自己操作）',
  `updated_time` timestamp NULL DEFAULT NULL COMMENT '更新时间',
  `updated_by` bigint DEFAULT NULL COMMENT '更新者（-1：为系统本身，-2为用户自己操作）',
  PRIMARY KEY (`id`)
) ENGINE=InnoDB AUTO_INCREMENT=1850868957788229636 DEFAULT CHARSET=utf8mb4 COLLATE=utf8mb4_0900_ai_ci;

/*Data for the table `fas_permission` */

insert  into `fas_permission`(`id`,`permission_type_id`,`created_time`,`created_by`,`updated_time`,`updated_by`) values 
(1850862034930094082,'[{\"id\": 410096, \"name\": \"folderEdit\", \"type\": 1, \"showName\": \"编辑\", \"discription\": \"文件夹编辑\"}, {\"id\": 410097, \"name\": \"folderDelete\", \"type\": 1, \"showName\": \"删除\", \"discription\": \"文件夹删除\"}, {\"id\": 410098, \"name\": \"folderUpload\", \"type\": 1, \"showName\": \"上传\", \"discription\": \"上传文件\"}, {\"id\": 410099, \"name\": \"folderFileDownload\", \"type\": 1, \"showName\": \"下载\", \"discription\": \"子文件下载\"}, {\"id\": 410100, \"name\": \"folderFileRead\", \"type\": 1, \"showName\": \"读取\", \"discription\": \"子文件读取\"}, {\"id\": 410101, \"name\": \"folderFileShow\", \"type\": 1, \"showName\": \"可见\", \"discription\": \"子文件可见\"}, {\"id\": 410102, \"name\": \"folderFileEdit\", \"type\": 1, \"showName\": \"编辑\", \"discription\": \"子文件编辑\"}, {\"id\": 410103, \"name\": \"folderFileDelete\", \"type\": 1, \"showName\": \"删除\", \"discription\": \"子文件删除\"}, {\"id\": 410104, \"name\": \"folderManager\", \"type\": 1, \"showName\": \"管理\", \"discription\": \"文件夹管理\"}, {\"id\": 410105, \"name\": \"folderShow\", \"type\": 1, \"showName\": \"可见\", \"discription\": \"文件夹可见\"}]','2024-10-28 19:27:51',1832613139325480962,NULL,NULL),
(1850862180355002369,'[{\"id\": 410096, \"name\": \"folderEdit\", \"type\": 1, \"showName\": \"编辑\", \"discription\": \"文件夹编辑\"}, {\"id\": 410097, \"name\": \"folderDelete\", \"type\": 1, \"showName\": \"删除\", \"discription\": \"文件夹删除\"}, {\"id\": 410098, \"name\": \"folderUpload\", \"type\": 1, \"showName\": \"上传\", \"discription\": \"上传文件\"}, {\"id\": 410099, \"name\": \"folderFileDownload\", \"type\": 1, \"showName\": \"下载\", \"discription\": \"子文件下载\"}, {\"id\": 410100, \"name\": \"folderFileRead\", \"type\": 1, \"showName\": \"读取\", \"discription\": \"子文件读取\"}, {\"id\": 410101, \"name\": \"folderFileShow\", \"type\": 1, \"showName\": \"可见\", \"discription\": \"子文件可见\"}, {\"id\": 410102, \"name\": \"folderFileEdit\", \"type\": 1, \"showName\": \"编辑\", \"discription\": \"子文件编辑\"}, {\"id\": 410103, \"name\": \"folderFileDelete\", \"type\": 1, \"showName\": \"删除\", \"discription\": \"子文件删除\"}, {\"id\": 410104, \"name\": \"folderManager\", \"type\": 1, \"showName\": \"管理\", \"discription\": \"文件夹管理\"}, {\"id\": 410105, \"name\": \"folderShow\", \"type\": 1, \"showName\": \"可见\", \"discription\": \"文件夹可见\"}]','2024-10-28 19:28:26',1832613139325480962,NULL,NULL),
(1850862444814258178,'[{\"id\": 410096, \"name\": \"folderEdit\", \"type\": 1, \"showName\": \"编辑\", \"discription\": \"文件夹编辑\"}, {\"id\": 410097, \"name\": \"folderDelete\", \"type\": 1, \"showName\": \"删除\", \"discription\": \"文件夹删除\"}, {\"id\": 410098, \"name\": \"folderUpload\", \"type\": 1, \"showName\": \"上传\", \"discription\": \"上传文件\"}, {\"id\": 410099, \"name\": \"folderFileDownload\", \"type\": 1, \"showName\": \"下载\", \"discription\": \"子文件下载\"}, {\"id\": 410100, \"name\": \"folderFileRead\", \"type\": 1, \"showName\": \"读取\", \"discription\": \"子文件读取\"}, {\"id\": 410101, \"name\": \"folderFileShow\", \"type\": 1, \"showName\": \"可见\", \"discription\": \"子文件可见\"}, {\"id\": 410102, \"name\": \"folderFileEdit\", \"type\": 1, \"showName\": \"编辑\", \"discription\": \"子文件编辑\"}, {\"id\": 410103, \"name\": \"folderFileDelete\", \"type\": 1, \"showName\": \"删除\", \"discription\": \"子文件删除\"}, {\"id\": 410104, \"name\": \"folderManager\", \"type\": 1, \"showName\": \"管理\", \"discription\": \"文件夹管理\"}, {\"id\": 410105, \"name\": \"folderShow\", \"type\": 1, \"showName\": \"可见\", \"discription\": \"文件夹可见\"}]','2024-10-28 19:29:29',1832613139325480962,NULL,NULL),
(1850863684407250946,'[{\"id\": 410096, \"name\": \"folderEdit\", \"type\": 1, \"showName\": \"编辑\", \"discription\": \"文件夹编辑\"}, {\"id\": 410097, \"name\": \"folderDelete\", \"type\": 1, \"showName\": \"删除\", \"discription\": \"文件夹删除\"}, {\"id\": 410098, \"name\": \"folderUpload\", \"type\": 1, \"showName\": \"上传\", \"discription\": \"上传文件\"}, {\"id\": 410099, \"name\": \"folderFileDownload\", \"type\": 1, \"showName\": \"下载\", \"discription\": \"子文件下载\"}, {\"id\": 410100, \"name\": \"folderFileRead\", \"type\": 1, \"showName\": \"读取\", \"discription\": \"子文件读取\"}, {\"id\": 410101, \"name\": \"folderFileShow\", \"type\": 1, \"showName\": \"可见\", \"discription\": \"子文件可见\"}, {\"id\": 410102, \"name\": \"folderFileEdit\", \"type\": 1, \"showName\": \"编辑\", \"discription\": \"子文件编辑\"}, {\"id\": 410103, \"name\": \"folderFileDelete\", \"type\": 1, \"showName\": \"删除\", \"discription\": \"子文件删除\"}, {\"id\": 410104, \"name\": \"folderManager\", \"type\": 1, \"showName\": \"管理\", \"discription\": \"文件夹管理\"}, {\"id\": 410105, \"name\": \"folderShow\", \"type\": 1, \"showName\": \"可见\", \"discription\": \"文件夹可见\"}]','2024-10-28 19:34:24',1832613139325480962,NULL,NULL),
(1850863965366898689,'[{\"id\": 410096, \"name\": \"folderEdit\", \"type\": 1, \"showName\": \"编辑\", \"discription\": \"文件夹编辑\"}, {\"id\": 410097, \"name\": \"folderDelete\", \"type\": 1, \"showName\": \"删除\", \"discription\": \"文件夹删除\"}, {\"id\": 410098, \"name\": \"folderUpload\", \"type\": 1, \"showName\": \"上传\", \"discription\": \"上传文件\"}, {\"id\": 410099, \"name\": \"folderFileDownload\", \"type\": 1, \"showName\": \"下载\", \"discription\": \"子文件下载\"}, {\"id\": 410100, \"name\": \"folderFileRead\", \"type\": 1, \"showName\": \"读取\", \"discription\": \"子文件读取\"}, {\"id\": 410101, \"name\": \"folderFileShow\", \"type\": 1, \"showName\": \"可见\", \"discription\": \"子文件可见\"}, {\"id\": 410102, \"name\": \"folderFileEdit\", \"type\": 1, \"showName\": \"编辑\", \"discription\": \"子文件编辑\"}, {\"id\": 410103, \"name\": \"folderFileDelete\", \"type\": 1, \"showName\": \"删除\", \"discription\": \"子文件删除\"}, {\"id\": 410104, \"name\": \"folderManager\", \"type\": 1, \"showName\": \"管理\", \"discription\": \"文件夹管理\"}, {\"id\": 410105, \"name\": \"folderShow\", \"type\": 1, \"showName\": \"可见\", \"discription\": \"文件夹可见\"}]','2024-10-28 19:35:31',1832613139325480962,NULL,NULL),
(1850864053849935873,'[{\"id\": 410096, \"name\": \"folderEdit\", \"type\": 1, \"showName\": \"编辑\", \"discription\": \"文件夹编辑\"}, {\"id\": 410097, \"name\": \"folderDelete\", \"type\": 1, \"showName\": \"删除\", \"discription\": \"文件夹删除\"}, {\"id\": 410098, \"name\": \"folderUpload\", \"type\": 1, \"showName\": \"上传\", \"discription\": \"上传文件\"}, {\"id\": 410099, \"name\": \"folderFileDownload\", \"type\": 1, \"showName\": \"下载\", \"discription\": \"子文件下载\"}, {\"id\": 410100, \"name\": \"folderFileRead\", \"type\": 1, \"showName\": \"读取\", \"discription\": \"子文件读取\"}, {\"id\": 410101, \"name\": \"folderFileShow\", \"type\": 1, \"showName\": \"可见\", \"discription\": \"子文件可见\"}, {\"id\": 410102, \"name\": \"folderFileEdit\", \"type\": 1, \"showName\": \"编辑\", \"discription\": \"子文件编辑\"}, {\"id\": 410103, \"name\": \"folderFileDelete\", \"type\": 1, \"showName\": \"删除\", \"discription\": \"子文件删除\"}, {\"id\": 410104, \"name\": \"folderManager\", \"type\": 1, \"showName\": \"管理\", \"discription\": \"文件夹管理\"}, {\"id\": 410105, \"name\": \"folderShow\", \"type\": 1, \"showName\": \"可见\", \"discription\": \"文件夹可见\"}]','2024-10-28 19:35:52',1832613139325480962,NULL,NULL),
(1850864374017937409,'[{\"id\": 410096, \"name\": \"folderEdit\", \"type\": 1, \"showName\": \"编辑\", \"discription\": \"文件夹编辑\"}, {\"id\": 410097, \"name\": \"folderDelete\", \"type\": 1, \"showName\": \"删除\", \"discription\": \"文件夹删除\"}, {\"id\": 410098, \"name\": \"folderUpload\", \"type\": 1, \"showName\": \"上传\", \"discription\": \"上传文件\"}, {\"id\": 410099, \"name\": \"folderFileDownload\", \"type\": 1, \"showName\": \"下载\", \"discription\": \"子文件下载\"}, {\"id\": 410100, \"name\": \"folderFileRead\", \"type\": 1, \"showName\": \"读取\", \"discription\": \"子文件读取\"}, {\"id\": 410101, \"name\": \"folderFileShow\", \"type\": 1, \"showName\": \"可见\", \"discription\": \"子文件可见\"}, {\"id\": 410102, \"name\": \"folderFileEdit\", \"type\": 1, \"showName\": \"编辑\", \"discription\": \"子文件编辑\"}, {\"id\": 410103, \"name\": \"folderFileDelete\", \"type\": 1, \"showName\": \"删除\", \"discription\": \"子文件删除\"}, {\"id\": 410104, \"name\": \"folderManager\", \"type\": 1, \"showName\": \"管理\", \"discription\": \"文件夹管理\"}, {\"id\": 410105, \"name\": \"folderShow\", \"type\": 1, \"showName\": \"可见\", \"discription\": \"文件夹可见\"}]','2024-10-28 19:37:09',1832613139325480962,NULL,NULL),
(1850864451549646849,'[{\"id\": 410096, \"name\": \"folderEdit\", \"type\": 1, \"showName\": \"编辑\", \"discription\": \"文件夹编辑\"}, {\"id\": 410097, \"name\": \"folderDelete\", \"type\": 1, \"showName\": \"删除\", \"discription\": \"文件夹删除\"}, {\"id\": 410098, \"name\": \"folderUpload\", \"type\": 1, \"showName\": \"上传\", \"discription\": \"上传文件\"}, {\"id\": 410099, \"name\": \"folderFileDownload\", \"type\": 1, \"showName\": \"下载\", \"discription\": \"子文件下载\"}, {\"id\": 410100, \"name\": \"folderFileRead\", \"type\": 1, \"showName\": \"读取\", \"discription\": \"子文件读取\"}, {\"id\": 410101, \"name\": \"folderFileShow\", \"type\": 1, \"showName\": \"可见\", \"discription\": \"子文件可见\"}, {\"id\": 410102, \"name\": \"folderFileEdit\", \"type\": 1, \"showName\": \"编辑\", \"discription\": \"子文件编辑\"}, {\"id\": 410103, \"name\": \"folderFileDelete\", \"type\": 1, \"showName\": \"删除\", \"discription\": \"子文件删除\"}, {\"id\": 410104, \"name\": \"folderManager\", \"type\": 1, \"showName\": \"管理\", \"discription\": \"文件夹管理\"}, {\"id\": 410105, \"name\": \"folderShow\", \"type\": 1, \"showName\": \"可见\", \"discription\": \"文件夹可见\"}]','2024-10-28 19:37:27',1832613139325480962,NULL,NULL),
(1850864622429786113,'[{\"id\": 410096, \"name\": \"folderEdit\", \"type\": 1, \"showName\": \"编辑\", \"discription\": \"文件夹编辑\"}, {\"id\": 410097, \"name\": \"folderDelete\", \"type\": 1, \"showName\": \"删除\", \"discription\": \"文件夹删除\"}, {\"id\": 410098, \"name\": \"folderUpload\", \"type\": 1, \"showName\": \"上传\", \"discription\": \"上传文件\"}, {\"id\": 410099, \"name\": \"folderFileDownload\", \"type\": 1, \"showName\": \"下载\", \"discription\": \"子文件下载\"}, {\"id\": 410100, \"name\": \"folderFileRead\", \"type\": 1, \"showName\": \"读取\", \"discription\": \"子文件读取\"}, {\"id\": 410101, \"name\": \"folderFileShow\", \"type\": 1, \"showName\": \"可见\", \"discription\": \"子文件可见\"}, {\"id\": 410102, \"name\": \"folderFileEdit\", \"type\": 1, \"showName\": \"编辑\", \"discription\": \"子文件编辑\"}, {\"id\": 410103, \"name\": \"folderFileDelete\", \"type\": 1, \"showName\": \"删除\", \"discription\": \"子文件删除\"}, {\"id\": 410104, \"name\": \"folderManager\", \"type\": 1, \"showName\": \"管理\", \"discription\": \"文件夹管理\"}, {\"id\": 410105, \"name\": \"folderShow\", \"type\": 1, \"showName\": \"可见\", \"discription\": \"文件夹可见\"}]','2024-10-28 19:38:08',1832613139325480962,NULL,NULL),
(1850864693619707906,'[{\"id\": 410096, \"name\": \"folderEdit\", \"type\": 1, \"showName\": \"编辑\", \"discription\": \"文件夹编辑\"}, {\"id\": 410097, \"name\": \"folderDelete\", \"type\": 1, \"showName\": \"删除\", \"discription\": \"文件夹删除\"}, {\"id\": 410098, \"name\": \"folderUpload\", \"type\": 1, \"showName\": \"上传\", \"discription\": \"上传文件\"}, {\"id\": 410099, \"name\": \"folderFileDownload\", \"type\": 1, \"showName\": \"下载\", \"discription\": \"子文件下载\"}, {\"id\": 410100, \"name\": \"folderFileRead\", \"type\": 1, \"showName\": \"读取\", \"discription\": \"子文件读取\"}, {\"id\": 410101, \"name\": \"folderFileShow\", \"type\": 1, \"showName\": \"可见\", \"discription\": \"子文件可见\"}, {\"id\": 410102, \"name\": \"folderFileEdit\", \"type\": 1, \"showName\": \"编辑\", \"discription\": \"子文件编辑\"}, {\"id\": 410103, \"name\": \"folderFileDelete\", \"type\": 1, \"showName\": \"删除\", \"discription\": \"子文件删除\"}, {\"id\": 410104, \"name\": \"folderManager\", \"type\": 1, \"showName\": \"管理\", \"discription\": \"文件夹管理\"}, {\"id\": 410105, \"name\": \"folderShow\", \"type\": 1, \"showName\": \"可见\", \"discription\": \"文件夹可见\"}]','2024-10-28 19:38:25',1832613139325480962,NULL,NULL),
(1850864755389222914,'[{\"id\": 410096, \"name\": \"folderEdit\", \"type\": 1, \"showName\": \"编辑\", \"discription\": \"文件夹编辑\"}, {\"id\": 410097, \"name\": \"folderDelete\", \"type\": 1, \"showName\": \"删除\", \"discription\": \"文件夹删除\"}, {\"id\": 410098, \"name\": \"folderUpload\", \"type\": 1, \"showName\": \"上传\", \"discription\": \"上传文件\"}, {\"id\": 410099, \"name\": \"folderFileDownload\", \"type\": 1, \"showName\": \"下载\", \"discription\": \"子文件下载\"}, {\"id\": 410100, \"name\": \"folderFileRead\", \"type\": 1, \"showName\": \"读取\", \"discription\": \"子文件读取\"}, {\"id\": 410101, \"name\": \"folderFileShow\", \"type\": 1, \"showName\": \"可见\", \"discription\": \"子文件可见\"}, {\"id\": 410102, \"name\": \"folderFileEdit\", \"type\": 1, \"showName\": \"编辑\", \"discription\": \"子文件编辑\"}, {\"id\": 410103, \"name\": \"folderFileDelete\", \"type\": 1, \"showName\": \"删除\", \"discription\": \"子文件删除\"}, {\"id\": 410104, \"name\": \"folderManager\", \"type\": 1, \"showName\": \"管理\", \"discription\": \"文件夹管理\"}, {\"id\": 410105, \"name\": \"folderShow\", \"type\": 1, \"showName\": \"可见\", \"discription\": \"文件夹可见\"}]','2024-10-28 19:38:40',1832613139325480962,NULL,NULL),
(1850864817188098049,'[{\"id\": 410096, \"name\": \"folderEdit\", \"type\": 1, \"showName\": \"编辑\", \"discription\": \"文件夹编辑\"}, {\"id\": 410097, \"name\": \"folderDelete\", \"type\": 1, \"showName\": \"删除\", \"discription\": \"文件夹删除\"}, {\"id\": 410098, \"name\": \"folderUpload\", \"type\": 1, \"showName\": \"上传\", \"discription\": \"上传文件\"}, {\"id\": 410099, \"name\": \"folderFileDownload\", \"type\": 1, \"showName\": \"下载\", \"discription\": \"子文件下载\"}, {\"id\": 410100, \"name\": \"folderFileRead\", \"type\": 1, \"showName\": \"读取\", \"discription\": \"子文件读取\"}, {\"id\": 410101, \"name\": \"folderFileShow\", \"type\": 1, \"showName\": \"可见\", \"discription\": \"子文件可见\"}, {\"id\": 410102, \"name\": \"folderFileEdit\", \"type\": 1, \"showName\": \"编辑\", \"discription\": \"子文件编辑\"}, {\"id\": 410103, \"name\": \"folderFileDelete\", \"type\": 1, \"showName\": \"删除\", \"discription\": \"子文件删除\"}, {\"id\": 410104, \"name\": \"folderManager\", \"type\": 1, \"showName\": \"管理\", \"discription\": \"文件夹管理\"}, {\"id\": 410105, \"name\": \"folderShow\", \"type\": 1, \"showName\": \"可见\", \"discription\": \"文件夹可见\"}]','2024-10-28 19:38:54',1832613139325480962,NULL,NULL),
(1850865648566259714,'[{\"id\": 410096, \"name\": \"folderEdit\", \"type\": 1, \"showName\": \"编辑\", \"discription\": \"文件夹编辑\"}, {\"id\": 410097, \"name\": \"folderDelete\", \"type\": 1, \"showName\": \"删除\", \"discription\": \"文件夹删除\"}, {\"id\": 410098, \"name\": \"folderUpload\", \"type\": 1, \"showName\": \"上传\", \"discription\": \"上传文件\"}, {\"id\": 410099, \"name\": \"folderFileDownload\", \"type\": 1, \"showName\": \"下载\", \"discription\": \"子文件下载\"}, {\"id\": 410100, \"name\": \"folderFileRead\", \"type\": 1, \"showName\": \"读取\", \"discription\": \"子文件读取\"}, {\"id\": 410101, \"name\": \"folderFileShow\", \"type\": 1, \"showName\": \"可见\", \"discription\": \"子文件可见\"}, {\"id\": 410102, \"name\": \"folderFileEdit\", \"type\": 1, \"showName\": \"编辑\", \"discription\": \"子文件编辑\"}, {\"id\": 410103, \"name\": \"folderFileDelete\", \"type\": 1, \"showName\": \"删除\", \"discription\": \"子文件删除\"}, {\"id\": 410104, \"name\": \"folderManager\", \"type\": 1, \"showName\": \"管理\", \"discription\": \"文件夹管理\"}, {\"id\": 410105, \"name\": \"folderShow\", \"type\": 1, \"showName\": \"可见\", \"discription\": \"文件夹可见\"}]','2024-10-28 19:42:13',1832613139325480962,NULL,NULL),
(1850865706858696706,'[{\"id\": 410096, \"name\": \"folderEdit\", \"type\": 1, \"showName\": \"编辑\", \"discription\": \"文件夹编辑\"}, {\"id\": 410097, \"name\": \"folderDelete\", \"type\": 1, \"showName\": \"删除\", \"discription\": \"文件夹删除\"}, {\"id\": 410098, \"name\": \"folderUpload\", \"type\": 1, \"showName\": \"上传\", \"discription\": \"上传文件\"}, {\"id\": 410099, \"name\": \"folderFileDownload\", \"type\": 1, \"showName\": \"下载\", \"discription\": \"子文件下载\"}, {\"id\": 410100, \"name\": \"folderFileRead\", \"type\": 1, \"showName\": \"读取\", \"discription\": \"子文件读取\"}, {\"id\": 410101, \"name\": \"folderFileShow\", \"type\": 1, \"showName\": \"可见\", \"discription\": \"子文件可见\"}, {\"id\": 410102, \"name\": \"folderFileEdit\", \"type\": 1, \"showName\": \"编辑\", \"discription\": \"子文件编辑\"}, {\"id\": 410103, \"name\": \"folderFileDelete\", \"type\": 1, \"showName\": \"删除\", \"discription\": \"子文件删除\"}, {\"id\": 410104, \"name\": \"folderManager\", \"type\": 1, \"showName\": \"管理\", \"discription\": \"文件夹管理\"}, {\"id\": 410105, \"name\": \"folderShow\", \"type\": 1, \"showName\": \"可见\", \"discription\": \"文件夹可见\"}]','2024-10-28 19:42:27',1832613139325480962,NULL,NULL),
(1850865771933323266,'[{\"id\": 410096, \"name\": \"folderEdit\", \"type\": 1, \"showName\": \"编辑\", \"discription\": \"文件夹编辑\"}, {\"id\": 410097, \"name\": \"folderDelete\", \"type\": 1, \"showName\": \"删除\", \"discription\": \"文件夹删除\"}, {\"id\": 410098, \"name\": \"folderUpload\", \"type\": 1, \"showName\": \"上传\", \"discription\": \"上传文件\"}, {\"id\": 410099, \"name\": \"folderFileDownload\", \"type\": 1, \"showName\": \"下载\", \"discription\": \"子文件下载\"}, {\"id\": 410100, \"name\": \"folderFileRead\", \"type\": 1, \"showName\": \"读取\", \"discription\": \"子文件读取\"}, {\"id\": 410101, \"name\": \"folderFileShow\", \"type\": 1, \"showName\": \"可见\", \"discription\": \"子文件可见\"}, {\"id\": 410102, \"name\": \"folderFileEdit\", \"type\": 1, \"showName\": \"编辑\", \"discription\": \"子文件编辑\"}, {\"id\": 410103, \"name\": \"folderFileDelete\", \"type\": 1, \"showName\": \"删除\", \"discription\": \"子文件删除\"}, {\"id\": 410104, \"name\": \"folderManager\", \"type\": 1, \"showName\": \"管理\", \"discription\": \"文件夹管理\"}, {\"id\": 410105, \"name\": \"folderShow\", \"type\": 1, \"showName\": \"可见\", \"discription\": \"文件夹可见\"}]','2024-10-28 19:42:42',1832613139325480962,NULL,NULL),
(1850865914191532033,'[{\"id\": 410096, \"name\": \"folderEdit\", \"type\": 1, \"showName\": \"编辑\", \"discription\": \"文件夹编辑\"}, {\"id\": 410097, \"name\": \"folderDelete\", \"type\": 1, \"showName\": \"删除\", \"discription\": \"文件夹删除\"}, {\"id\": 410098, \"name\": \"folderUpload\", \"type\": 1, \"showName\": \"上传\", \"discription\": \"上传文件\"}, {\"id\": 410099, \"name\": \"folderFileDownload\", \"type\": 1, \"showName\": \"下载\", \"discription\": \"子文件下载\"}, {\"id\": 410100, \"name\": \"folderFileRead\", \"type\": 1, \"showName\": \"读取\", \"discription\": \"子文件读取\"}, {\"id\": 410101, \"name\": \"folderFileShow\", \"type\": 1, \"showName\": \"可见\", \"discription\": \"子文件可见\"}, {\"id\": 410102, \"name\": \"folderFileEdit\", \"type\": 1, \"showName\": \"编辑\", \"discription\": \"子文件编辑\"}, {\"id\": 410103, \"name\": \"folderFileDelete\", \"type\": 1, \"showName\": \"删除\", \"discription\": \"子文件删除\"}, {\"id\": 410104, \"name\": \"folderManager\", \"type\": 1, \"showName\": \"管理\", \"discription\": \"文件夹管理\"}, {\"id\": 410105, \"name\": \"folderShow\", \"type\": 1, \"showName\": \"可见\", \"discription\": \"文件夹可见\"}]','2024-10-28 19:43:16',1832613139325480962,NULL,NULL),
(1850866138444189697,'[{\"id\": 410096, \"name\": \"folderEdit\", \"type\": 1, \"showName\": \"编辑\", \"discription\": \"文件夹编辑\"}, {\"id\": 410097, \"name\": \"folderDelete\", \"type\": 1, \"showName\": \"删除\", \"discription\": \"文件夹删除\"}, {\"id\": 410098, \"name\": \"folderUpload\", \"type\": 1, \"showName\": \"上传\", \"discription\": \"上传文件\"}, {\"id\": 410099, \"name\": \"folderFileDownload\", \"type\": 1, \"showName\": \"下载\", \"discription\": \"子文件下载\"}, {\"id\": 410100, \"name\": \"folderFileRead\", \"type\": 1, \"showName\": \"读取\", \"discription\": \"子文件读取\"}, {\"id\": 410101, \"name\": \"folderFileShow\", \"type\": 1, \"showName\": \"可见\", \"discription\": \"子文件可见\"}, {\"id\": 410102, \"name\": \"folderFileEdit\", \"type\": 1, \"showName\": \"编辑\", \"discription\": \"子文件编辑\"}, {\"id\": 410103, \"name\": \"folderFileDelete\", \"type\": 1, \"showName\": \"删除\", \"discription\": \"子文件删除\"}, {\"id\": 410104, \"name\": \"folderManager\", \"type\": 1, \"showName\": \"管理\", \"discription\": \"文件夹管理\"}, {\"id\": 410105, \"name\": \"folderShow\", \"type\": 1, \"showName\": \"可见\", \"discription\": \"文件夹可见\"}]','2024-10-28 19:44:09',1832613139325480962,NULL,NULL),
(1850866232346267649,'[{\"id\": 410096, \"name\": \"folderEdit\", \"type\": 1, \"showName\": \"编辑\", \"discription\": \"文件夹编辑\"}, {\"id\": 410097, \"name\": \"folderDelete\", \"type\": 1, \"showName\": \"删除\", \"discription\": \"文件夹删除\"}, {\"id\": 410098, \"name\": \"folderUpload\", \"type\": 1, \"showName\": \"上传\", \"discription\": \"上传文件\"}, {\"id\": 410099, \"name\": \"folderFileDownload\", \"type\": 1, \"showName\": \"下载\", \"discription\": \"子文件下载\"}, {\"id\": 410100, \"name\": \"folderFileRead\", \"type\": 1, \"showName\": \"读取\", \"discription\": \"子文件读取\"}, {\"id\": 410101, \"name\": \"folderFileShow\", \"type\": 1, \"showName\": \"可见\", \"discription\": \"子文件可见\"}, {\"id\": 410102, \"name\": \"folderFileEdit\", \"type\": 1, \"showName\": \"编辑\", \"discription\": \"子文件编辑\"}, {\"id\": 410103, \"name\": \"folderFileDelete\", \"type\": 1, \"showName\": \"删除\", \"discription\": \"子文件删除\"}, {\"id\": 410104, \"name\": \"folderManager\", \"type\": 1, \"showName\": \"管理\", \"discription\": \"文件夹管理\"}, {\"id\": 410105, \"name\": \"folderShow\", \"type\": 1, \"showName\": \"可见\", \"discription\": \"文件夹可见\"}]','2024-10-28 19:44:32',1832613139325480962,NULL,NULL),
(1850866288336031746,'[{\"id\": 410096, \"name\": \"folderEdit\", \"type\": 1, \"showName\": \"编辑\", \"discription\": \"文件夹编辑\"}, {\"id\": 410097, \"name\": \"folderDelete\", \"type\": 1, \"showName\": \"删除\", \"discription\": \"文件夹删除\"}, {\"id\": 410098, \"name\": \"folderUpload\", \"type\": 1, \"showName\": \"上传\", \"discription\": \"上传文件\"}, {\"id\": 410099, \"name\": \"folderFileDownload\", \"type\": 1, \"showName\": \"下载\", \"discription\": \"子文件下载\"}, {\"id\": 410100, \"name\": \"folderFileRead\", \"type\": 1, \"showName\": \"读取\", \"discription\": \"子文件读取\"}, {\"id\": 410101, \"name\": \"folderFileShow\", \"type\": 1, \"showName\": \"可见\", \"discription\": \"子文件可见\"}, {\"id\": 410102, \"name\": \"folderFileEdit\", \"type\": 1, \"showName\": \"编辑\", \"discription\": \"子文件编辑\"}, {\"id\": 410103, \"name\": \"folderFileDelete\", \"type\": 1, \"showName\": \"删除\", \"discription\": \"子文件删除\"}, {\"id\": 410104, \"name\": \"folderManager\", \"type\": 1, \"showName\": \"管理\", \"discription\": \"文件夹管理\"}, {\"id\": 410105, \"name\": \"folderShow\", \"type\": 1, \"showName\": \"可见\", \"discription\": \"文件夹可见\"}]','2024-10-28 19:44:45',1832613139325480962,NULL,NULL),
(1850866341326868482,'[{\"id\": 410096, \"name\": \"folderEdit\", \"type\": 1, \"showName\": \"编辑\", \"discription\": \"文件夹编辑\"}, {\"id\": 410097, \"name\": \"folderDelete\", \"type\": 1, \"showName\": \"删除\", \"discription\": \"文件夹删除\"}, {\"id\": 410098, \"name\": \"folderUpload\", \"type\": 1, \"showName\": \"上传\", \"discription\": \"上传文件\"}, {\"id\": 410099, \"name\": \"folderFileDownload\", \"type\": 1, \"showName\": \"下载\", \"discription\": \"子文件下载\"}, {\"id\": 410100, \"name\": \"folderFileRead\", \"type\": 1, \"showName\": \"读取\", \"discription\": \"子文件读取\"}, {\"id\": 410101, \"name\": \"folderFileShow\", \"type\": 1, \"showName\": \"可见\", \"discription\": \"子文件可见\"}, {\"id\": 410102, \"name\": \"folderFileEdit\", \"type\": 1, \"showName\": \"编辑\", \"discription\": \"子文件编辑\"}, {\"id\": 410103, \"name\": \"folderFileDelete\", \"type\": 1, \"showName\": \"删除\", \"discription\": \"子文件删除\"}, {\"id\": 410104, \"name\": \"folderManager\", \"type\": 1, \"showName\": \"管理\", \"discription\": \"文件夹管理\"}, {\"id\": 410105, \"name\": \"folderShow\", \"type\": 1, \"showName\": \"可见\", \"discription\": \"文件夹可见\"}]','2024-10-28 19:44:58',1832613139325480962,NULL,NULL),
(1850866414169346049,'[{\"id\": 410096, \"name\": \"folderEdit\", \"type\": 1, \"showName\": \"编辑\", \"discription\": \"文件夹编辑\"}, {\"id\": 410097, \"name\": \"folderDelete\", \"type\": 1, \"showName\": \"删除\", \"discription\": \"文件夹删除\"}, {\"id\": 410098, \"name\": \"folderUpload\", \"type\": 1, \"showName\": \"上传\", \"discription\": \"上传文件\"}, {\"id\": 410099, \"name\": \"folderFileDownload\", \"type\": 1, \"showName\": \"下载\", \"discription\": \"子文件下载\"}, {\"id\": 410100, \"name\": \"folderFileRead\", \"type\": 1, \"showName\": \"读取\", \"discription\": \"子文件读取\"}, {\"id\": 410101, \"name\": \"folderFileShow\", \"type\": 1, \"showName\": \"可见\", \"discription\": \"子文件可见\"}, {\"id\": 410102, \"name\": \"folderFileEdit\", \"type\": 1, \"showName\": \"编辑\", \"discription\": \"子文件编辑\"}, {\"id\": 410103, \"name\": \"folderFileDelete\", \"type\": 1, \"showName\": \"删除\", \"discription\": \"子文件删除\"}, {\"id\": 410104, \"name\": \"folderManager\", \"type\": 1, \"showName\": \"管理\", \"discription\": \"文件夹管理\"}, {\"id\": 410105, \"name\": \"folderShow\", \"type\": 1, \"showName\": \"可见\", \"discription\": \"文件夹可见\"}]','2024-10-28 19:45:15',1832613139325480962,NULL,NULL),
(1850866466522648577,'[{\"id\": 410096, \"name\": \"folderEdit\", \"type\": 1, \"showName\": \"编辑\", \"discription\": \"文件夹编辑\"}, {\"id\": 410097, \"name\": \"folderDelete\", \"type\": 1, \"showName\": \"删除\", \"discription\": \"文件夹删除\"}, {\"id\": 410098, \"name\": \"folderUpload\", \"type\": 1, \"showName\": \"上传\", \"discription\": \"上传文件\"}, {\"id\": 410099, \"name\": \"folderFileDownload\", \"type\": 1, \"showName\": \"下载\", \"discription\": \"子文件下载\"}, {\"id\": 410100, \"name\": \"folderFileRead\", \"type\": 1, \"showName\": \"读取\", \"discription\": \"子文件读取\"}, {\"id\": 410101, \"name\": \"folderFileShow\", \"type\": 1, \"showName\": \"可见\", \"discription\": \"子文件可见\"}, {\"id\": 410102, \"name\": \"folderFileEdit\", \"type\": 1, \"showName\": \"编辑\", \"discription\": \"子文件编辑\"}, {\"id\": 410103, \"name\": \"folderFileDelete\", \"type\": 1, \"showName\": \"删除\", \"discription\": \"子文件删除\"}, {\"id\": 410104, \"name\": \"folderManager\", \"type\": 1, \"showName\": \"管理\", \"discription\": \"文件夹管理\"}, {\"id\": 410105, \"name\": \"folderShow\", \"type\": 1, \"showName\": \"可见\", \"discription\": \"文件夹可见\"}]','2024-10-28 19:45:28',1832613139325480962,NULL,NULL),
(1850866544721252353,'[{\"id\": 410096, \"name\": \"folderEdit\", \"type\": 1, \"showName\": \"编辑\", \"discription\": \"文件夹编辑\"}, {\"id\": 410097, \"name\": \"folderDelete\", \"type\": 1, \"showName\": \"删除\", \"discription\": \"文件夹删除\"}, {\"id\": 410098, \"name\": \"folderUpload\", \"type\": 1, \"showName\": \"上传\", \"discription\": \"上传文件\"}, {\"id\": 410099, \"name\": \"folderFileDownload\", \"type\": 1, \"showName\": \"下载\", \"discription\": \"子文件下载\"}, {\"id\": 410100, \"name\": \"folderFileRead\", \"type\": 1, \"showName\": \"读取\", \"discription\": \"子文件读取\"}, {\"id\": 410101, \"name\": \"folderFileShow\", \"type\": 1, \"showName\": \"可见\", \"discription\": \"子文件可见\"}, {\"id\": 410102, \"name\": \"folderFileEdit\", \"type\": 1, \"showName\": \"编辑\", \"discription\": \"子文件编辑\"}, {\"id\": 410103, \"name\": \"folderFileDelete\", \"type\": 1, \"showName\": \"删除\", \"discription\": \"子文件删除\"}, {\"id\": 410104, \"name\": \"folderManager\", \"type\": 1, \"showName\": \"管理\", \"discription\": \"文件夹管理\"}, {\"id\": 410105, \"name\": \"folderShow\", \"type\": 1, \"showName\": \"可见\", \"discription\": \"文件夹可见\"}]','2024-10-28 19:45:46',1832613139325480962,NULL,NULL),
(1850866601885421569,'[{\"id\": 410096, \"name\": \"folderEdit\", \"type\": 1, \"showName\": \"编辑\", \"discription\": \"文件夹编辑\"}, {\"id\": 410097, \"name\": \"folderDelete\", \"type\": 1, \"showName\": \"删除\", \"discription\": \"文件夹删除\"}, {\"id\": 410098, \"name\": \"folderUpload\", \"type\": 1, \"showName\": \"上传\", \"discription\": \"上传文件\"}, {\"id\": 410099, \"name\": \"folderFileDownload\", \"type\": 1, \"showName\": \"下载\", \"discription\": \"子文件下载\"}, {\"id\": 410100, \"name\": \"folderFileRead\", \"type\": 1, \"showName\": \"读取\", \"discription\": \"子文件读取\"}, {\"id\": 410101, \"name\": \"folderFileShow\", \"type\": 1, \"showName\": \"可见\", \"discription\": \"子文件可见\"}, {\"id\": 410102, \"name\": \"folderFileEdit\", \"type\": 1, \"showName\": \"编辑\", \"discription\": \"子文件编辑\"}, {\"id\": 410103, \"name\": \"folderFileDelete\", \"type\": 1, \"showName\": \"删除\", \"discription\": \"子文件删除\"}, {\"id\": 410104, \"name\": \"folderManager\", \"type\": 1, \"showName\": \"管理\", \"discription\": \"文件夹管理\"}, {\"id\": 410105, \"name\": \"folderShow\", \"type\": 1, \"showName\": \"可见\", \"discription\": \"文件夹可见\"}]','2024-10-28 19:46:00',1832613139325480962,NULL,NULL),
(1850866703039451138,'[{\"id\": 410096, \"name\": \"folderEdit\", \"type\": 1, \"showName\": \"编辑\", \"discription\": \"文件夹编辑\"}, {\"id\": 410097, \"name\": \"folderDelete\", \"type\": 1, \"showName\": \"删除\", \"discription\": \"文件夹删除\"}, {\"id\": 410098, \"name\": \"folderUpload\", \"type\": 1, \"showName\": \"上传\", \"discription\": \"上传文件\"}, {\"id\": 410099, \"name\": \"folderFileDownload\", \"type\": 1, \"showName\": \"下载\", \"discription\": \"子文件下载\"}, {\"id\": 410100, \"name\": \"folderFileRead\", \"type\": 1, \"showName\": \"读取\", \"discription\": \"子文件读取\"}, {\"id\": 410101, \"name\": \"folderFileShow\", \"type\": 1, \"showName\": \"可见\", \"discription\": \"子文件可见\"}, {\"id\": 410102, \"name\": \"folderFileEdit\", \"type\": 1, \"showName\": \"编辑\", \"discription\": \"子文件编辑\"}, {\"id\": 410103, \"name\": \"folderFileDelete\", \"type\": 1, \"showName\": \"删除\", \"discription\": \"子文件删除\"}, {\"id\": 410104, \"name\": \"folderManager\", \"type\": 1, \"showName\": \"管理\", \"discription\": \"文件夹管理\"}, {\"id\": 410105, \"name\": \"folderShow\", \"type\": 1, \"showName\": \"可见\", \"discription\": \"文件夹可见\"}]','2024-10-28 19:46:24',1832613139325480962,NULL,NULL),
(1850866746165284866,'[{\"id\": 410096, \"name\": \"folderEdit\", \"type\": 1, \"showName\": \"编辑\", \"discription\": \"文件夹编辑\"}, {\"id\": 410097, \"name\": \"folderDelete\", \"type\": 1, \"showName\": \"删除\", \"discription\": \"文件夹删除\"}, {\"id\": 410098, \"name\": \"folderUpload\", \"type\": 1, \"showName\": \"上传\", \"discription\": \"上传文件\"}, {\"id\": 410099, \"name\": \"folderFileDownload\", \"type\": 1, \"showName\": \"下载\", \"discription\": \"子文件下载\"}, {\"id\": 410100, \"name\": \"folderFileRead\", \"type\": 1, \"showName\": \"读取\", \"discription\": \"子文件读取\"}, {\"id\": 410101, \"name\": \"folderFileShow\", \"type\": 1, \"showName\": \"可见\", \"discription\": \"子文件可见\"}, {\"id\": 410102, \"name\": \"folderFileEdit\", \"type\": 1, \"showName\": \"编辑\", \"discription\": \"子文件编辑\"}, {\"id\": 410103, \"name\": \"folderFileDelete\", \"type\": 1, \"showName\": \"删除\", \"discription\": \"子文件删除\"}, {\"id\": 410104, \"name\": \"folderManager\", \"type\": 1, \"showName\": \"管理\", \"discription\": \"文件夹管理\"}, {\"id\": 410105, \"name\": \"folderShow\", \"type\": 1, \"showName\": \"可见\", \"discription\": \"文件夹可见\"}]','2024-10-28 19:46:34',1832613139325480962,NULL,NULL),
(1850866962742366210,'[{\"id\": 410096, \"name\": \"folderEdit\", \"type\": 1, \"showName\": \"编辑\", \"discription\": \"文件夹编辑\"}, {\"id\": 410097, \"name\": \"folderDelete\", \"type\": 1, \"showName\": \"删除\", \"discription\": \"文件夹删除\"}, {\"id\": 410098, \"name\": \"folderUpload\", \"type\": 1, \"showName\": \"上传\", \"discription\": \"上传文件\"}, {\"id\": 410099, \"name\": \"folderFileDownload\", \"type\": 1, \"showName\": \"下载\", \"discription\": \"子文件下载\"}, {\"id\": 410100, \"name\": \"folderFileRead\", \"type\": 1, \"showName\": \"读取\", \"discription\": \"子文件读取\"}, {\"id\": 410101, \"name\": \"folderFileShow\", \"type\": 1, \"showName\": \"可见\", \"discription\": \"子文件可见\"}, {\"id\": 410102, \"name\": \"folderFileEdit\", \"type\": 1, \"showName\": \"编辑\", \"discription\": \"子文件编辑\"}, {\"id\": 410103, \"name\": \"folderFileDelete\", \"type\": 1, \"showName\": \"删除\", \"discription\": \"子文件删除\"}, {\"id\": 410104, \"name\": \"folderManager\", \"type\": 1, \"showName\": \"管理\", \"discription\": \"文件夹管理\"}, {\"id\": 410105, \"name\": \"folderShow\", \"type\": 1, \"showName\": \"可见\", \"discription\": \"文件夹可见\"}]','2024-10-28 19:47:26',1832613139325480962,NULL,NULL),
(1850867015406047234,'[{\"id\": 410096, \"name\": \"folderEdit\", \"type\": 1, \"showName\": \"编辑\", \"discription\": \"文件夹编辑\"}, {\"id\": 410097, \"name\": \"folderDelete\", \"type\": 1, \"showName\": \"删除\", \"discription\": \"文件夹删除\"}, {\"id\": 410098, \"name\": \"folderUpload\", \"type\": 1, \"showName\": \"上传\", \"discription\": \"上传文件\"}, {\"id\": 410099, \"name\": \"folderFileDownload\", \"type\": 1, \"showName\": \"下载\", \"discription\": \"子文件下载\"}, {\"id\": 410100, \"name\": \"folderFileRead\", \"type\": 1, \"showName\": \"读取\", \"discription\": \"子文件读取\"}, {\"id\": 410101, \"name\": \"folderFileShow\", \"type\": 1, \"showName\": \"可见\", \"discription\": \"子文件可见\"}, {\"id\": 410102, \"name\": \"folderFileEdit\", \"type\": 1, \"showName\": \"编辑\", \"discription\": \"子文件编辑\"}, {\"id\": 410103, \"name\": \"folderFileDelete\", \"type\": 1, \"showName\": \"删除\", \"discription\": \"子文件删除\"}, {\"id\": 410104, \"name\": \"folderManager\", \"type\": 1, \"showName\": \"管理\", \"discription\": \"文件夹管理\"}, {\"id\": 410105, \"name\": \"folderShow\", \"type\": 1, \"showName\": \"可见\", \"discription\": \"文件夹可见\"}]','2024-10-28 19:47:39',1832613139325480962,NULL,NULL),
(1850867069944582146,'[{\"id\": 410096, \"name\": \"folderEdit\", \"type\": 1, \"showName\": \"编辑\", \"discription\": \"文件夹编辑\"}, {\"id\": 410097, \"name\": \"folderDelete\", \"type\": 1, \"showName\": \"删除\", \"discription\": \"文件夹删除\"}, {\"id\": 410098, \"name\": \"folderUpload\", \"type\": 1, \"showName\": \"上传\", \"discription\": \"上传文件\"}, {\"id\": 410099, \"name\": \"folderFileDownload\", \"type\": 1, \"showName\": \"下载\", \"discription\": \"子文件下载\"}, {\"id\": 410100, \"name\": \"folderFileRead\", \"type\": 1, \"showName\": \"读取\", \"discription\": \"子文件读取\"}, {\"id\": 410101, \"name\": \"folderFileShow\", \"type\": 1, \"showName\": \"可见\", \"discription\": \"子文件可见\"}, {\"id\": 410102, \"name\": \"folderFileEdit\", \"type\": 1, \"showName\": \"编辑\", \"discription\": \"子文件编辑\"}, {\"id\": 410103, \"name\": \"folderFileDelete\", \"type\": 1, \"showName\": \"删除\", \"discription\": \"子文件删除\"}, {\"id\": 410104, \"name\": \"folderManager\", \"type\": 1, \"showName\": \"管理\", \"discription\": \"文件夹管理\"}, {\"id\": 410105, \"name\": \"folderShow\", \"type\": 1, \"showName\": \"可见\", \"discription\": \"文件夹可见\"}]','2024-10-28 19:47:52',1832613139325480962,NULL,NULL),
(1850867147778281474,'[{\"id\": 410096, \"name\": \"folderEdit\", \"type\": 1, \"showName\": \"编辑\", \"discription\": \"文件夹编辑\"}, {\"id\": 410097, \"name\": \"folderDelete\", \"type\": 1, \"showName\": \"删除\", \"discription\": \"文件夹删除\"}, {\"id\": 410098, \"name\": \"folderUpload\", \"type\": 1, \"showName\": \"上传\", \"discription\": \"上传文件\"}, {\"id\": 410099, \"name\": \"folderFileDownload\", \"type\": 1, \"showName\": \"下载\", \"discription\": \"子文件下载\"}, {\"id\": 410100, \"name\": \"folderFileRead\", \"type\": 1, \"showName\": \"读取\", \"discription\": \"子文件读取\"}, {\"id\": 410101, \"name\": \"folderFileShow\", \"type\": 1, \"showName\": \"可见\", \"discription\": \"子文件可见\"}, {\"id\": 410102, \"name\": \"folderFileEdit\", \"type\": 1, \"showName\": \"编辑\", \"discription\": \"子文件编辑\"}, {\"id\": 410103, \"name\": \"folderFileDelete\", \"type\": 1, \"showName\": \"删除\", \"discription\": \"子文件删除\"}, {\"id\": 410104, \"name\": \"folderManager\", \"type\": 1, \"showName\": \"管理\", \"discription\": \"文件夹管理\"}, {\"id\": 410105, \"name\": \"folderShow\", \"type\": 1, \"showName\": \"可见\", \"discription\": \"文件夹可见\"}]','2024-10-28 19:48:10',1832613139325480962,NULL,NULL),
(1850867205458350082,'[{\"id\": 410096, \"name\": \"folderEdit\", \"type\": 1, \"showName\": \"编辑\", \"discription\": \"文件夹编辑\"}, {\"id\": 410097, \"name\": \"folderDelete\", \"type\": 1, \"showName\": \"删除\", \"discription\": \"文件夹删除\"}, {\"id\": 410098, \"name\": \"folderUpload\", \"type\": 1, \"showName\": \"上传\", \"discription\": \"上传文件\"}, {\"id\": 410099, \"name\": \"folderFileDownload\", \"type\": 1, \"showName\": \"下载\", \"discription\": \"子文件下载\"}, {\"id\": 410100, \"name\": \"folderFileRead\", \"type\": 1, \"showName\": \"读取\", \"discription\": \"子文件读取\"}, {\"id\": 410101, \"name\": \"folderFileShow\", \"type\": 1, \"showName\": \"可见\", \"discription\": \"子文件可见\"}, {\"id\": 410102, \"name\": \"folderFileEdit\", \"type\": 1, \"showName\": \"编辑\", \"discription\": \"子文件编辑\"}, {\"id\": 410103, \"name\": \"folderFileDelete\", \"type\": 1, \"showName\": \"删除\", \"discription\": \"子文件删除\"}, {\"id\": 410104, \"name\": \"folderManager\", \"type\": 1, \"showName\": \"管理\", \"discription\": \"文件夹管理\"}, {\"id\": 410105, \"name\": \"folderShow\", \"type\": 1, \"showName\": \"可见\", \"discription\": \"文件夹可见\"}]','2024-10-28 19:48:24',1832613139325480962,NULL,NULL),
(1850867259371933698,'[{\"id\": 410096, \"name\": \"folderEdit\", \"type\": 1, \"showName\": \"编辑\", \"discription\": \"文件夹编辑\"}, {\"id\": 410097, \"name\": \"folderDelete\", \"type\": 1, \"showName\": \"删除\", \"discription\": \"文件夹删除\"}, {\"id\": 410098, \"name\": \"folderUpload\", \"type\": 1, \"showName\": \"上传\", \"discription\": \"上传文件\"}, {\"id\": 410099, \"name\": \"folderFileDownload\", \"type\": 1, \"showName\": \"下载\", \"discription\": \"子文件下载\"}, {\"id\": 410100, \"name\": \"folderFileRead\", \"type\": 1, \"showName\": \"读取\", \"discription\": \"子文件读取\"}, {\"id\": 410101, \"name\": \"folderFileShow\", \"type\": 1, \"showName\": \"可见\", \"discription\": \"子文件可见\"}, {\"id\": 410102, \"name\": \"folderFileEdit\", \"type\": 1, \"showName\": \"编辑\", \"discription\": \"子文件编辑\"}, {\"id\": 410103, \"name\": \"folderFileDelete\", \"type\": 1, \"showName\": \"删除\", \"discription\": \"子文件删除\"}, {\"id\": 410104, \"name\": \"folderManager\", \"type\": 1, \"showName\": \"管理\", \"discription\": \"文件夹管理\"}, {\"id\": 410105, \"name\": \"folderShow\", \"type\": 1, \"showName\": \"可见\", \"discription\": \"文件夹可见\"}]','2024-10-28 19:48:37',1832613139325480962,NULL,NULL),
(1850867372437786626,'[{\"id\": 410096, \"name\": \"folderEdit\", \"type\": 1, \"showName\": \"编辑\", \"discription\": \"文件夹编辑\"}, {\"id\": 410097, \"name\": \"folderDelete\", \"type\": 1, \"showName\": \"删除\", \"discription\": \"文件夹删除\"}, {\"id\": 410098, \"name\": \"folderUpload\", \"type\": 1, \"showName\": \"上传\", \"discription\": \"上传文件\"}, {\"id\": 410099, \"name\": \"folderFileDownload\", \"type\": 1, \"showName\": \"下载\", \"discription\": \"子文件下载\"}, {\"id\": 410100, \"name\": \"folderFileRead\", \"type\": 1, \"showName\": \"读取\", \"discription\": \"子文件读取\"}, {\"id\": 410101, \"name\": \"folderFileShow\", \"type\": 1, \"showName\": \"可见\", \"discription\": \"子文件可见\"}, {\"id\": 410102, \"name\": \"folderFileEdit\", \"type\": 1, \"showName\": \"编辑\", \"discription\": \"子文件编辑\"}, {\"id\": 410103, \"name\": \"folderFileDelete\", \"type\": 1, \"showName\": \"删除\", \"discription\": \"子文件删除\"}, {\"id\": 410104, \"name\": \"folderManager\", \"type\": 1, \"showName\": \"管理\", \"discription\": \"文件夹管理\"}, {\"id\": 410105, \"name\": \"folderShow\", \"type\": 1, \"showName\": \"可见\", \"discription\": \"文件夹可见\"}]','2024-10-28 19:49:04',1832613139325480962,NULL,NULL),
(1850867565543542785,'[{\"id\": 410096, \"name\": \"folderEdit\", \"type\": 1, \"showName\": \"编辑\", \"discription\": \"文件夹编辑\"}, {\"id\": 410097, \"name\": \"folderDelete\", \"type\": 1, \"showName\": \"删除\", \"discription\": \"文件夹删除\"}, {\"id\": 410098, \"name\": \"folderUpload\", \"type\": 1, \"showName\": \"上传\", \"discription\": \"上传文件\"}, {\"id\": 410099, \"name\": \"folderFileDownload\", \"type\": 1, \"showName\": \"下载\", \"discription\": \"子文件下载\"}, {\"id\": 410100, \"name\": \"folderFileRead\", \"type\": 1, \"showName\": \"读取\", \"discription\": \"子文件读取\"}, {\"id\": 410101, \"name\": \"folderFileShow\", \"type\": 1, \"showName\": \"可见\", \"discription\": \"子文件可见\"}, {\"id\": 410102, \"name\": \"folderFileEdit\", \"type\": 1, \"showName\": \"编辑\", \"discription\": \"子文件编辑\"}, {\"id\": 410103, \"name\": \"folderFileDelete\", \"type\": 1, \"showName\": \"删除\", \"discription\": \"子文件删除\"}, {\"id\": 410104, \"name\": \"folderManager\", \"type\": 1, \"showName\": \"管理\", \"discription\": \"文件夹管理\"}, {\"id\": 410105, \"name\": \"folderShow\", \"type\": 1, \"showName\": \"可见\", \"discription\": \"文件夹可见\"}]','2024-10-28 19:49:50',1832613139325480962,NULL,NULL),
(1850867635974295553,'[{\"id\": 410096, \"name\": \"folderEdit\", \"type\": 1, \"showName\": \"编辑\", \"discription\": \"文件夹编辑\"}, {\"id\": 410097, \"name\": \"folderDelete\", \"type\": 1, \"showName\": \"删除\", \"discription\": \"文件夹删除\"}, {\"id\": 410098, \"name\": \"folderUpload\", \"type\": 1, \"showName\": \"上传\", \"discription\": \"上传文件\"}, {\"id\": 410099, \"name\": \"folderFileDownload\", \"type\": 1, \"showName\": \"下载\", \"discription\": \"子文件下载\"}, {\"id\": 410100, \"name\": \"folderFileRead\", \"type\": 1, \"showName\": \"读取\", \"discription\": \"子文件读取\"}, {\"id\": 410101, \"name\": \"folderFileShow\", \"type\": 1, \"showName\": \"可见\", \"discription\": \"子文件可见\"}, {\"id\": 410102, \"name\": \"folderFileEdit\", \"type\": 1, \"showName\": \"编辑\", \"discription\": \"子文件编辑\"}, {\"id\": 410103, \"name\": \"folderFileDelete\", \"type\": 1, \"showName\": \"删除\", \"discription\": \"子文件删除\"}, {\"id\": 410104, \"name\": \"folderManager\", \"type\": 1, \"showName\": \"管理\", \"discription\": \"文件夹管理\"}, {\"id\": 410105, \"name\": \"folderShow\", \"type\": 1, \"showName\": \"可见\", \"discription\": \"文件夹可见\"}]','2024-10-28 19:50:07',1832613139325480962,NULL,NULL),
(1850867706618957826,'[{\"id\": 410096, \"name\": \"folderEdit\", \"type\": 1, \"showName\": \"编辑\", \"discription\": \"文件夹编辑\"}, {\"id\": 410097, \"name\": \"folderDelete\", \"type\": 1, \"showName\": \"删除\", \"discription\": \"文件夹删除\"}, {\"id\": 410098, \"name\": \"folderUpload\", \"type\": 1, \"showName\": \"上传\", \"discription\": \"上传文件\"}, {\"id\": 410099, \"name\": \"folderFileDownload\", \"type\": 1, \"showName\": \"下载\", \"discription\": \"子文件下载\"}, {\"id\": 410100, \"name\": \"folderFileRead\", \"type\": 1, \"showName\": \"读取\", \"discription\": \"子文件读取\"}, {\"id\": 410101, \"name\": \"folderFileShow\", \"type\": 1, \"showName\": \"可见\", \"discription\": \"子文件可见\"}, {\"id\": 410102, \"name\": \"folderFileEdit\", \"type\": 1, \"showName\": \"编辑\", \"discription\": \"子文件编辑\"}, {\"id\": 410103, \"name\": \"folderFileDelete\", \"type\": 1, \"showName\": \"删除\", \"discription\": \"子文件删除\"}, {\"id\": 410104, \"name\": \"folderManager\", \"type\": 1, \"showName\": \"管理\", \"discription\": \"文件夹管理\"}, {\"id\": 410105, \"name\": \"folderShow\", \"type\": 1, \"showName\": \"可见\", \"discription\": \"文件夹可见\"}]','2024-10-28 19:50:23',1832613139325480962,NULL,NULL),
(1850868054066712577,'[{\"id\": 410096, \"name\": \"folderEdit\", \"type\": 1, \"showName\": \"编辑\", \"discription\": \"文件夹编辑\"}, {\"id\": 410097, \"name\": \"folderDelete\", \"type\": 1, \"showName\": \"删除\", \"discription\": \"文件夹删除\"}, {\"id\": 410098, \"name\": \"folderUpload\", \"type\": 1, \"showName\": \"上传\", \"discription\": \"上传文件\"}, {\"id\": 410099, \"name\": \"folderFileDownload\", \"type\": 1, \"showName\": \"下载\", \"discription\": \"子文件下载\"}, {\"id\": 410100, \"name\": \"folderFileRead\", \"type\": 1, \"showName\": \"读取\", \"discription\": \"子文件读取\"}, {\"id\": 410101, \"name\": \"folderFileShow\", \"type\": 1, \"showName\": \"可见\", \"discription\": \"子文件可见\"}, {\"id\": 410102, \"name\": \"folderFileEdit\", \"type\": 1, \"showName\": \"编辑\", \"discription\": \"子文件编辑\"}, {\"id\": 410103, \"name\": \"folderFileDelete\", \"type\": 1, \"showName\": \"删除\", \"discription\": \"子文件删除\"}, {\"id\": 410104, \"name\": \"folderManager\", \"type\": 1, \"showName\": \"管理\", \"discription\": \"文件夹管理\"}, {\"id\": 410105, \"name\": \"folderShow\", \"type\": 1, \"showName\": \"可见\", \"discription\": \"文件夹可见\"}]','2024-10-28 19:51:46',1832613139325480962,NULL,NULL),
(1850868120676454402,'[{\"id\": 410096, \"name\": \"folderEdit\", \"type\": 1, \"showName\": \"编辑\", \"discription\": \"文件夹编辑\"}, {\"id\": 410097, \"name\": \"folderDelete\", \"type\": 1, \"showName\": \"删除\", \"discription\": \"文件夹删除\"}, {\"id\": 410098, \"name\": \"folderUpload\", \"type\": 1, \"showName\": \"上传\", \"discription\": \"上传文件\"}, {\"id\": 410099, \"name\": \"folderFileDownload\", \"type\": 1, \"showName\": \"下载\", \"discription\": \"子文件下载\"}, {\"id\": 410100, \"name\": \"folderFileRead\", \"type\": 1, \"showName\": \"读取\", \"discription\": \"子文件读取\"}, {\"id\": 410101, \"name\": \"folderFileShow\", \"type\": 1, \"showName\": \"可见\", \"discription\": \"子文件可见\"}, {\"id\": 410102, \"name\": \"folderFileEdit\", \"type\": 1, \"showName\": \"编辑\", \"discription\": \"子文件编辑\"}, {\"id\": 410103, \"name\": \"folderFileDelete\", \"type\": 1, \"showName\": \"删除\", \"discription\": \"子文件删除\"}, {\"id\": 410104, \"name\": \"folderManager\", \"type\": 1, \"showName\": \"管理\", \"discription\": \"文件夹管理\"}, {\"id\": 410105, \"name\": \"folderShow\", \"type\": 1, \"showName\": \"可见\", \"discription\": \"文件夹可见\"}]','2024-10-28 19:52:02',1832613139325480962,NULL,NULL),
(1850868270908035073,'[{\"id\": 410096, \"name\": \"folderEdit\", \"type\": 1, \"showName\": \"编辑\", \"discription\": \"文件夹编辑\"}, {\"id\": 410097, \"name\": \"folderDelete\", \"type\": 1, \"showName\": \"删除\", \"discription\": \"文件夹删除\"}, {\"id\": 410098, \"name\": \"folderUpload\", \"type\": 1, \"showName\": \"上传\", \"discription\": \"上传文件\"}, {\"id\": 410099, \"name\": \"folderFileDownload\", \"type\": 1, \"showName\": \"下载\", \"discription\": \"子文件下载\"}, {\"id\": 410100, \"name\": \"folderFileRead\", \"type\": 1, \"showName\": \"读取\", \"discription\": \"子文件读取\"}, {\"id\": 410101, \"name\": \"folderFileShow\", \"type\": 1, \"showName\": \"可见\", \"discription\": \"子文件可见\"}, {\"id\": 410102, \"name\": \"folderFileEdit\", \"type\": 1, \"showName\": \"编辑\", \"discription\": \"子文件编辑\"}, {\"id\": 410103, \"name\": \"folderFileDelete\", \"type\": 1, \"showName\": \"删除\", \"discription\": \"子文件删除\"}, {\"id\": 410104, \"name\": \"folderManager\", \"type\": 1, \"showName\": \"管理\", \"discription\": \"文件夹管理\"}, {\"id\": 410105, \"name\": \"folderShow\", \"type\": 1, \"showName\": \"可见\", \"discription\": \"文件夹可见\"}]','2024-10-28 19:52:38',1832613139325480962,NULL,NULL),
(1850868414374203393,'[{\"id\": 410096, \"name\": \"folderEdit\", \"type\": 1, \"showName\": \"编辑\", \"discription\": \"文件夹编辑\"}, {\"id\": 410097, \"name\": \"folderDelete\", \"type\": 1, \"showName\": \"删除\", \"discription\": \"文件夹删除\"}, {\"id\": 410098, \"name\": \"folderUpload\", \"type\": 1, \"showName\": \"上传\", \"discription\": \"上传文件\"}, {\"id\": 410099, \"name\": \"folderFileDownload\", \"type\": 1, \"showName\": \"下载\", \"discription\": \"子文件下载\"}, {\"id\": 410100, \"name\": \"folderFileRead\", \"type\": 1, \"showName\": \"读取\", \"discription\": \"子文件读取\"}, {\"id\": 410101, \"name\": \"folderFileShow\", \"type\": 1, \"showName\": \"可见\", \"discription\": \"子文件可见\"}, {\"id\": 410102, \"name\": \"folderFileEdit\", \"type\": 1, \"showName\": \"编辑\", \"discription\": \"子文件编辑\"}, {\"id\": 410103, \"name\": \"folderFileDelete\", \"type\": 1, \"showName\": \"删除\", \"discription\": \"子文件删除\"}, {\"id\": 410104, \"name\": \"folderManager\", \"type\": 1, \"showName\": \"管理\", \"discription\": \"文件夹管理\"}, {\"id\": 410105, \"name\": \"folderShow\", \"type\": 1, \"showName\": \"可见\", \"discription\": \"文件夹可见\"}]','2024-10-28 19:53:12',1832613139325480962,NULL,NULL),
(1850868591524827138,'[{\"id\": 410096, \"name\": \"folderEdit\", \"type\": 1, \"showName\": \"编辑\", \"discription\": \"文件夹编辑\"}, {\"id\": 410097, \"name\": \"folderDelete\", \"type\": 1, \"showName\": \"删除\", \"discription\": \"文件夹删除\"}, {\"id\": 410098, \"name\": \"folderUpload\", \"type\": 1, \"showName\": \"上传\", \"discription\": \"上传文件\"}, {\"id\": 410099, \"name\": \"folderFileDownload\", \"type\": 1, \"showName\": \"下载\", \"discription\": \"子文件下载\"}, {\"id\": 410100, \"name\": \"folderFileRead\", \"type\": 1, \"showName\": \"读取\", \"discription\": \"子文件读取\"}, {\"id\": 410101, \"name\": \"folderFileShow\", \"type\": 1, \"showName\": \"可见\", \"discription\": \"子文件可见\"}, {\"id\": 410102, \"name\": \"folderFileEdit\", \"type\": 1, \"showName\": \"编辑\", \"discription\": \"子文件编辑\"}, {\"id\": 410103, \"name\": \"folderFileDelete\", \"type\": 1, \"showName\": \"删除\", \"discription\": \"子文件删除\"}, {\"id\": 410104, \"name\": \"folderManager\", \"type\": 1, \"showName\": \"管理\", \"discription\": \"文件夹管理\"}, {\"id\": 410105, \"name\": \"folderShow\", \"type\": 1, \"showName\": \"可见\", \"discription\": \"文件夹可见\"}]','2024-10-28 19:53:54',1832613139325480962,NULL,NULL),
(1850868658902126593,'[{\"id\": 410096, \"name\": \"folderEdit\", \"type\": 1, \"showName\": \"编辑\", \"discription\": \"文件夹编辑\"}, {\"id\": 410097, \"name\": \"folderDelete\", \"type\": 1, \"showName\": \"删除\", \"discription\": \"文件夹删除\"}, {\"id\": 410098, \"name\": \"folderUpload\", \"type\": 1, \"showName\": \"上传\", \"discription\": \"上传文件\"}, {\"id\": 410099, \"name\": \"folderFileDownload\", \"type\": 1, \"showName\": \"下载\", \"discription\": \"子文件下载\"}, {\"id\": 410100, \"name\": \"folderFileRead\", \"type\": 1, \"showName\": \"读取\", \"discription\": \"子文件读取\"}, {\"id\": 410101, \"name\": \"folderFileShow\", \"type\": 1, \"showName\": \"可见\", \"discription\": \"子文件可见\"}, {\"id\": 410102, \"name\": \"folderFileEdit\", \"type\": 1, \"showName\": \"编辑\", \"discription\": \"子文件编辑\"}, {\"id\": 410103, \"name\": \"folderFileDelete\", \"type\": 1, \"showName\": \"删除\", \"discription\": \"子文件删除\"}, {\"id\": 410104, \"name\": \"folderManager\", \"type\": 1, \"showName\": \"管理\", \"discription\": \"文件夹管理\"}, {\"id\": 410105, \"name\": \"folderShow\", \"type\": 1, \"showName\": \"可见\", \"discription\": \"文件夹可见\"}]','2024-10-28 19:54:10',1832613139325480962,NULL,NULL),
(1850868719774060546,'[{\"id\": 410096, \"name\": \"folderEdit\", \"type\": 1, \"showName\": \"编辑\", \"discription\": \"文件夹编辑\"}, {\"id\": 410097, \"name\": \"folderDelete\", \"type\": 1, \"showName\": \"删除\", \"discription\": \"文件夹删除\"}, {\"id\": 410098, \"name\": \"folderUpload\", \"type\": 1, \"showName\": \"上传\", \"discription\": \"上传文件\"}, {\"id\": 410099, \"name\": \"folderFileDownload\", \"type\": 1, \"showName\": \"下载\", \"discription\": \"子文件下载\"}, {\"id\": 410100, \"name\": \"folderFileRead\", \"type\": 1, \"showName\": \"读取\", \"discription\": \"子文件读取\"}, {\"id\": 410101, \"name\": \"folderFileShow\", \"type\": 1, \"showName\": \"可见\", \"discription\": \"子文件可见\"}, {\"id\": 410102, \"name\": \"folderFileEdit\", \"type\": 1, \"showName\": \"编辑\", \"discription\": \"子文件编辑\"}, {\"id\": 410103, \"name\": \"folderFileDelete\", \"type\": 1, \"showName\": \"删除\", \"discription\": \"子文件删除\"}, {\"id\": 410104, \"name\": \"folderManager\", \"type\": 1, \"showName\": \"管理\", \"discription\": \"文件夹管理\"}, {\"id\": 410105, \"name\": \"folderShow\", \"type\": 1, \"showName\": \"可见\", \"discription\": \"文件夹可见\"}]','2024-10-28 19:54:25',1832613139325480962,NULL,NULL),
(1850868861877080065,'[{\"id\": 410096, \"name\": \"folderEdit\", \"type\": 1, \"showName\": \"编辑\", \"discription\": \"文件夹编辑\"}, {\"id\": 410097, \"name\": \"folderDelete\", \"type\": 1, \"showName\": \"删除\", \"discription\": \"文件夹删除\"}, {\"id\": 410098, \"name\": \"folderUpload\", \"type\": 1, \"showName\": \"上传\", \"discription\": \"上传文件\"}, {\"id\": 410099, \"name\": \"folderFileDownload\", \"type\": 1, \"showName\": \"下载\", \"discription\": \"子文件下载\"}, {\"id\": 410100, \"name\": \"folderFileRead\", \"type\": 1, \"showName\": \"读取\", \"discription\": \"子文件读取\"}, {\"id\": 410101, \"name\": \"folderFileShow\", \"type\": 1, \"showName\": \"可见\", \"discription\": \"子文件可见\"}, {\"id\": 410102, \"name\": \"folderFileEdit\", \"type\": 1, \"showName\": \"编辑\", \"discription\": \"子文件编辑\"}, {\"id\": 410103, \"name\": \"folderFileDelete\", \"type\": 1, \"showName\": \"删除\", \"discription\": \"子文件删除\"}, {\"id\": 410104, \"name\": \"folderManager\", \"type\": 1, \"showName\": \"管理\", \"discription\": \"文件夹管理\"}, {\"id\": 410105, \"name\": \"folderShow\", \"type\": 1, \"showName\": \"可见\", \"discription\": \"文件夹可见\"}]','2024-10-28 19:54:59',1832613139325480962,NULL,NULL),
(1850868957788229634,'[{\"id\": 410096, \"name\": \"folderEdit\", \"type\": 1, \"showName\": \"编辑\", \"discription\": \"文件夹编辑\"}, {\"id\": 410097, \"name\": \"folderDelete\", \"type\": 1, \"showName\": \"删除\", \"discription\": \"文件夹删除\"}, {\"id\": 410098, \"name\": \"folderUpload\", \"type\": 1, \"showName\": \"上传\", \"discription\": \"上传文件\"}, {\"id\": 410099, \"name\": \"folderFileDownload\", \"type\": 1, \"showName\": \"下载\", \"discription\": \"子文件下载\"}, {\"id\": 410100, \"name\": \"folderFileRead\", \"type\": 1, \"showName\": \"读取\", \"discription\": \"子文件读取\"}, {\"id\": 410101, \"name\": \"folderFileShow\", \"type\": 1, \"showName\": \"可见\", \"discription\": \"子文件可见\"}, {\"id\": 410102, \"name\": \"folderFileEdit\", \"type\": 1, \"showName\": \"编辑\", \"discription\": \"子文件编辑\"}, {\"id\": 410103, \"name\": \"folderFileDelete\", \"type\": 1, \"showName\": \"删除\", \"discription\": \"子文件删除\"}, {\"id\": 410104, \"name\": \"folderManager\", \"type\": 1, \"showName\": \"管理\", \"discription\": \"文件夹管理\"}, {\"id\": 410105, \"name\": \"folderShow\", \"type\": 1, \"showName\": \"可见\", \"discription\": \"文件夹可见\"}]','2024-10-28 19:55:22',1832613139325480962,NULL,NULL),
(1850868957788229635,'[{\"id\": 410096, \"name\": \"folderEdit\", \"type\": 1, \"showName\": \"编辑\", \"discription\": \"文件夹编辑\"}, {\"id\": 410097, \"name\": \"folderDelete\", \"type\": 1, \"showName\": \"删除\", \"discription\": \"文件夹删除\"}, {\"id\": 410098, \"name\": \"folderUpload\", \"type\": 1, \"showName\": \"上传\", \"discription\": \"上传文件\"}, {\"id\": 410099, \"name\": \"folderFileDownload\", \"type\": 1, \"showName\": \"下载\", \"discription\": \"子文件下载\"}, {\"id\": 410100, \"name\": \"folderFileRead\", \"type\": 1, \"showName\": \"读取\", \"discription\": \"子文件读取\"}, {\"id\": 410101, \"name\": \"folderFileShow\", \"type\": 1, \"showName\": \"可见\", \"discription\": \"子文件可见\"}, {\"id\": 410102, \"name\": \"folderFileEdit\", \"type\": 1, \"showName\": \"编辑\", \"discription\": \"子文件编辑\"}, {\"id\": 410103, \"name\": \"folderFileDelete\", \"type\": 1, \"showName\": \"删除\", \"discription\": \"子文件删除\"}, {\"id\": 410104, \"name\": \"folderManager\", \"type\": 1, \"showName\": \"管理\", \"discription\": \"文件夹管理\"}, {\"id\": 410105, \"name\": \"folderShow\", \"type\": 1, \"showName\": \"可见\", \"discription\": \"文件夹可见\"}]','2024-10-28 19:27:51',1832613139325480962,NULL,NULL);

/*Table structure for table `fas_permission_type` */

DROP TABLE IF EXISTS `fas_permission_type`;

CREATE TABLE `fas_permission_type` (
  `id` bigint unsigned NOT NULL,
  `name` varchar(255) CHARACTER SET utf8mb4 COLLATE utf8mb4_0900_ai_ci NOT NULL COMMENT '权限类型名称',
  `type` tinyint NOT NULL COMMENT '类型(1:文件夹,2:文件)',
  `discription` varchar(255) DEFAULT NULL COMMENT '描述',
  `show_name` varchar(255) DEFAULT NULL COMMENT '前端显示名称',
  PRIMARY KEY (`id`)
) ENGINE=InnoDB DEFAULT CHARSET=utf8mb4 COLLATE=utf8mb4_0900_ai_ci;

/*Data for the table `fas_permission_type` */

insert  into `fas_permission_type`(`id`,`name`,`type`,`discription`,`show_name`) values 
(410091,'fileDownload',2,'文件下载','下载'),
(410092,'fileRead',2,'文件读取','读取'),
(410093,'fileShow',2,'文件可见','可见'),
(410094,'fileEdit',2,'文件编辑','编辑'),
(410095,'fileDelete',2,'文件删除','删除'),
(410096,'folderEdit',1,'文件夹编辑','编辑'),
(410097,'folderDelete',1,'文件夹删除','删除'),
(410098,'folderUpload',1,'上传文件','上传'),
(410099,'folderFileDownload',1,'子文件下载','下载'),
(410100,'folderFileRead',1,'子文件读取','读取'),
(410101,'folderFileShow',1,'子文件可见','可见'),
(410102,'folderFileEdit',1,'子文件编辑','编辑'),
(410103,'folderFileDelete',1,'子文件删除','删除'),
(410104,'folderManager',1,'文件夹管理','管理'),
(410105,'folderShow',1,'文件夹可见','可见');

/*Table structure for table `fas_role` */

DROP TABLE IF EXISTS `fas_role`;

CREATE TABLE `fas_role` (
  `id` bigint unsigned NOT NULL AUTO_INCREMENT,
  `role_name` varchar(255) NOT NULL COMMENT '角色名称',
  `p_id` bigint DEFAULT NULL COMMENT '来源的id',
  `type` tinyint DEFAULT NULL COMMENT '来源类型(1:部门，2：自定义，3：系统默认)',
  `created_time` timestamp NOT NULL DEFAULT CURRENT_TIMESTAMP COMMENT '创建时间',
  `created_by` bigint NOT NULL DEFAULT '-1' COMMENT '创建者（-1：为系统本身，-2为用户自己操作）',
  `updated_time` timestamp NULL DEFAULT NULL COMMENT '更新时间',
  `updated_by` bigint DEFAULT NULL COMMENT '更新者（-1：为系统本身，-2为用户自己操作）',
  PRIMARY KEY (`id`)
) ENGINE=InnoDB AUTO_INCREMENT=1850861167485112323 DEFAULT CHARSET=utf8mb4 COLLATE=utf8mb4_0900_ai_ci;

/*Data for the table `fas_role` */

insert  into `fas_role`(`id`,`role_name`,`p_id`,`type`,`created_time`,`created_by`,`updated_time`,`updated_by`) values 
(1,'系统管理员',NULL,3,'2024-08-06 08:44:16',-1,NULL,NULL),
(2,'游客',NULL,3,'2024-08-08 14:37:34',-1,NULL,NULL),
(1843259287430025217,'总公司部门管理员',1843259285538394114,1,'2024-10-07 19:57:15',1832613139325480962,NULL,NULL),
(1843259288415686658,'总公司部门员工',1843259285538394114,1,'2024-10-07 19:57:15',1832613139325480962,NULL,NULL),
(1850820397960929282,'创新实验室部门管理员',1850820397906403330,1,'2024-10-28 16:42:24',1832613139325480962,NULL,NULL),
(1850820397977706498,'创新实验室部门员工',1850820397906403330,1,'2024-10-28 16:42:24',1832613139325480962,NULL,NULL),
(1850820460057600001,'电子设计部部门管理员',1850820460011462658,1,'2024-10-28 16:42:39',1832613139325480962,NULL,NULL),
(1850820460074377217,'电子设计部部门员工',1850820460011462658,1,'2024-10-28 16:42:39',1832613139325480962,NULL,NULL),
(1850820498246737921,'结构设计部部门管理员',1850820498208989185,1,'2024-10-28 16:42:48',1832613139325480962,NULL,NULL),
(1850820498267709442,'结构设计部部门员工',1850820498208989185,1,'2024-10-28 16:42:48',1832613139325480962,NULL,NULL),
(1850820547710164993,'综合部部门管理员',1850820547676610562,1,'2024-10-28 16:43:00',1832613139325480962,NULL,NULL),
(1850820547726942210,'综合部部门员工',1850820547676610562,1,'2024-10-28 16:43:00',1832613139325480962,NULL,NULL),
(1850820572376866817,'市场部部门管理员',1850820572330729474,1,'2024-10-28 16:43:06',1832613139325480962,NULL,NULL),
(1850820572389449730,'市场部部门员工',1850820572330729474,1,'2024-10-28 16:43:06',1832613139325480962,NULL,NULL),
(1850820595827220482,'项目部部门管理员',1850820595789471746,1,'2024-10-28 16:43:11',1832613139325480962,NULL,NULL),
(1850820595843997697,'项目部部门员工',1850820595789471746,1,'2024-10-28 16:43:11',1832613139325480962,NULL,NULL),
(1850820668912967681,'采购部部门管理员',1850820668871024642,1,'2024-10-28 16:43:29',1832613139325480962,NULL,NULL),
(1850820668933939201,'采购部部门员工',1850820668871024642,1,'2024-10-28 16:43:29',1832613139325480962,NULL,NULL),
(1850860984378576897,'人事部部门管理员',1850860984328245249,1,'2024-10-28 19:23:41',1832613139325480962,NULL,NULL),
(1850860984399548418,'人事部部门员工',1850860984328245249,1,'2024-10-28 19:23:41',1832613139325480962,NULL,NULL),
(1850861040460615682,'财务部部门管理员',1850861040414478337,1,'2024-10-28 19:23:54',1832613139325480962,NULL,NULL),
(1850861040477392897,'财务部部门员工',1850861040414478337,1,'2024-10-28 19:23:54',1832613139325480962,NULL,NULL),
(1850861136505982978,'质量部部门管理员',1850861136468234242,1,'2024-10-28 19:24:17',1832613139325480962,NULL,NULL),
(1850861136526954497,'质量部部门员工',1850861136468234242,1,'2024-10-28 19:24:17',1832613139325480962,NULL,NULL),
(1850861167464140802,'生产部部门管理员',1850861167426392066,1,'2024-10-28 19:24:24',1832613139325480962,NULL,NULL),
(1850861167485112322,'生产部部门员工',1850861167426392066,1,'2024-10-28 19:24:24',1832613139325480962,NULL,NULL);

/*Table structure for table `fas_role_extend` */

DROP TABLE IF EXISTS `fas_role_extend`;

CREATE TABLE `fas_role_extend` (
  `id` bigint unsigned NOT NULL,
  `role_id` bigint DEFAULT NULL COMMENT '角色id',
  `extend_role_id` bigint DEFAULT NULL COMMENT '继承的角色id',
  PRIMARY KEY (`id`)
) ENGINE=InnoDB DEFAULT CHARSET=utf8mb4 COLLATE=utf8mb4_0900_ai_ci;

/*Data for the table `fas_role_extend` */

insert  into `fas_role_extend`(`id`,`role_id`,`extend_role_id`) values 
(1843259289334239234,1843259287430025217,1843259288415686658),
(1843372988791328770,1843259287430025217,1843372981002506242),
(1843372990091563010,1843259288415686658,1843372981002506242),
(1844606591688810497,1843259287430025217,1844606589386137602),
(1844606592070492162,1843259288415686658,1844606589386137602),
(1844643962019860482,1843259287430025217,1844643961931780097),
(1844643962032443394,1843259288415686658,1844643961931780097),
(1846941857465114626,1843259287430025217,1846941857368645634),
(1846941857544806401,1843259288415686658,1846941857368645634),
(1846941917921812482,1843259287430025217,1846941917833732097),
(1846941917938589698,1843259288415686658,1846941917833732097),
(1846942117163835393,1846942117126086658,1846942117142863874),
(1846942117209972738,1843259287430025217,1846942117126086658),
(1846942117226749954,1843259288415686658,1846942117126086658),
(1847095426659090433,1843259287430025217,1847095426587787265),
(1847095426680061954,1843259288415686658,1847095426587787265),
(1850181935142432769,1843259287430025217,1850181935071129601),
(1850181935155015682,1843259288415686658,1850181935071129601),
(1850181991220277249,1843259287430025217,1850181991165751297),
(1850181991232860162,1843259288415686658,1850181991165751297),
(1850182036099330050,1843259287430025217,1850182036040609794),
(1850182036116107265,1843259288415686658,1850182036040609794),
(1850820397994483713,1850820397960929282,1850820397977706498),
(1850820398049009665,1843259287430025217,1850820397960929282),
(1850820398065786881,1843259288415686658,1850820397960929282),
(1850820460095348738,1850820460057600001,1850820460074377217),
(1850820460133097474,1843259287430025217,1850820460057600001),
(1850820460158263298,1843259288415686658,1850820460057600001),
(1850820498284486657,1850820498246737921,1850820498267709442),
(1850820498322235394,1843259287430025217,1850820498246737921),
(1850820498343206913,1843259288415686658,1850820498246737921),
(1850820547743719426,1850820547710164993,1850820547726942210),
(1850820547781468161,1843259287430025217,1850820547710164993),
(1850820547798245377,1843259288415686658,1850820547710164993),
(1850820572402032642,1850820572376866817,1850820572389449730),
(1850820572443975682,1843259287430025217,1850820572376866817),
(1850820572464947201,1843259288415686658,1850820572376866817),
(1850820595860774913,1850820595827220482,1850820595843997697),
(1850820595898523649,1843259287430025217,1850820595827220482),
(1850820595915300865,1843259288415686658,1850820595827220482),
(1850820668946522114,1850820668912967681,1850820668933939201),
(1850820668988465153,1843259287430025217,1850820668912967681),
(1850820669013630977,1843259288415686658,1850820668912967681),
(1850824713216073730,1843259287430025217,1850824713140576258),
(1850824713228656642,1843259288415686658,1850824713140576258),
(1850860984416325633,1850860984378576897,1850860984399548418),
(1850860984483434498,1850820547710164993,1850860984378576897),
(1850860984504406018,1850820547726942210,1850860984378576897),
(1850861040494170114,1850861040460615682,1850861040477392897),
(1850861040536113153,1850820547710164993,1850861040460615682),
(1850861040552890369,1850820547726942210,1850861040460615682),
(1850861136543731713,1850861136505982978,1850861136526954497),
(1850861136589869057,1843259287430025217,1850861136505982978),
(1850861136606646274,1843259288415686658,1850861136505982978),
(1850861167506083841,1850861167464140802,1850861167485112322),
(1850861167552221185,1843259287430025217,1850861167464140802),
(1850861167568998401,1843259288415686658,1850861167464140802);

/*Table structure for table `fas_role_file_permission` */

DROP TABLE IF EXISTS `fas_role_file_permission`;

CREATE TABLE `fas_role_file_permission` (
  `id` bigint unsigned NOT NULL AUTO_INCREMENT,
  `file_id` bigint DEFAULT NULL COMMENT '文件/文件夹id',
  `role_id` bigint DEFAULT NULL COMMENT '角色id',
  `type` tinyint(3) unsigned zerofill DEFAULT NULL COMMENT '类型(1:文件;2:文件夹)',
  `permission_id` bigint DEFAULT NULL COMMENT '权限id',
  `created_time` timestamp NOT NULL DEFAULT CURRENT_TIMESTAMP COMMENT '创建时间',
  `created_by` bigint NOT NULL DEFAULT '-1' COMMENT '创建者（-1：为系统本身，-2为用户自己操作）',
  `updated_time` timestamp NULL DEFAULT NULL COMMENT '更新时间',
  `updated_by` bigint DEFAULT NULL COMMENT '更新者（-1：为系统本身，-2为用户自己操作）',
  PRIMARY KEY (`id`)
) ENGINE=InnoDB AUTO_INCREMENT=1847096296285110274 DEFAULT CHARSET=utf8mb4 COLLATE=utf8mb4_0900_ai_ci;

/*Data for the table `fas_role_file_permission` */

/*Table structure for table `fas_system_config` */

DROP TABLE IF EXISTS `fas_system_config`;

CREATE TABLE `fas_system_config` (
  `id` bigint unsigned NOT NULL,
  `name` varchar(255) CHARACTER SET utf8mb4 COLLATE utf8mb4_general_ci DEFAULT NULL,
  `content` longtext CHARACTER SET utf8mb4 COLLATE utf8mb4_general_ci,
  PRIMARY KEY (`id`)
) ENGINE=InnoDB DEFAULT CHARSET=utf8mb4 COLLATE=utf8mb4_general_ci;

/*Data for the table `fas_system_config` */

/*Table structure for table `fas_user` */

DROP TABLE IF EXISTS `fas_user`;

CREATE TABLE `fas_user` (
  `id` bigint unsigned NOT NULL AUTO_INCREMENT,
  `username` varchar(255) NOT NULL COMMENT '用户名',
  `password` varchar(255) NOT NULL COMMENT '密码',
  `avatar_url` varchar(255) DEFAULT NULL COMMENT '头像url',
  `nickname` varchar(20) CHARACTER SET utf8mb4 COLLATE utf8mb4_0900_ai_ci DEFAULT '新用户' COMMENT '昵称',
  `phone` varchar(30) DEFAULT NULL COMMENT '手机号',
  `email` varchar(30) DEFAULT NULL COMMENT '邮箱',
  `sex` varchar(5) DEFAULT NULL COMMENT '性别',
  `status` tinyint DEFAULT '1' COMMENT '正常-1，禁用-0，删除-2',
  `created_time` timestamp NOT NULL DEFAULT CURRENT_TIMESTAMP COMMENT '创建时间',
  `created_by` bigint NOT NULL DEFAULT '-1' COMMENT '创建者（-1：为系统本身，-2为用户自身操作）',
  `updated_time` timestamp NULL DEFAULT NULL COMMENT '更新时间',
  `updated_by` bigint DEFAULT NULL COMMENT '更新者（-1：为系统本身，-2为用户自己操作）',
  PRIMARY KEY (`id`),
  CONSTRAINT `fas_user_email_check` CHECK (regexp_like(`email`,_utf8mb4'^[a-zA-Z0-9._%+-]+@[a-zA-Z0-9.-]+.[a-zA-Z]{2,}$')),
  CONSTRAINT `fas_user_phone_check` CHECK (regexp_like(`phone`,_utf8mb4'^[1][0-9]{10}$')),
  CONSTRAINT `fas_user_sex_check` CHECK ((`sex` in (_utf8mb4'男',_utf8mb4'女',_utf8mb4'未知')))
) ENGINE=InnoDB AUTO_INCREMENT=1847210469916577795 DEFAULT CHARSET=utf8mb4 COLLATE=utf8mb4_0900_ai_ci;

/*Data for the table `fas_user` */

insert  into `fas_user`(`id`,`username`,`password`,`avatar_url`,`nickname`,`phone`,`email`,`sex`,`status`,`created_time`,`created_by`,`updated_time`,`updated_by`) values 
(1832613139325480962,'ICET','$2a$05$28/4Z7JrjAeCD4of3T31ZOOTrgFAcb7ox4tq73n5HXGbTSD1nVenS','1729166270828t01a854ff6db1fda34c.jpg','ICET用户','19511112222','27722222222@qq.com','女',1,'2024-09-08 10:53:15',1820633290952175617,NULL,1832613139325480962),
(1846929108286808065,'test','$2a$05$gJtw2.D88KxmWiO5sahno.ovMli8eQ.QSWJnnxudTcE4kMh//KLTW','1729179958069图片1.png','测试用户李四','19519911111','277491514x@qq.com','女',1,'2024-10-17 22:59:48',-2,NULL,1846929108286808065);

/*Table structure for table `fas_user_dept` */

DROP TABLE IF EXISTS `fas_user_dept`;

CREATE TABLE `fas_user_dept` (
  `id` bigint unsigned NOT NULL AUTO_INCREMENT,
  `user_id` bigint NOT NULL COMMENT '用户id',
  `dept_id` bigint NOT NULL COMMENT '部门id',
  `type` tinyint NOT NULL COMMENT '类型(1:所属,2:管理)',
  `created_time` timestamp NULL DEFAULT CURRENT_TIMESTAMP COMMENT '创建时间',
  `created_by` bigint DEFAULT '-1' COMMENT '创建者（-1：为系统本身，-2为用户自身操作）',
  `updated_time` timestamp NULL DEFAULT NULL COMMENT '更新时间',
  `updated_by` bigint DEFAULT NULL COMMENT '更新者（-1：为系统本身，-2为用户自己操作）',
  PRIMARY KEY (`id`)
) ENGINE=InnoDB AUTO_INCREMENT=1850861167451557891 DEFAULT CHARSET=utf8mb4 COLLATE=utf8mb4_0900_ai_ci;

/*Data for the table `fas_user_dept` */

insert  into `fas_user_dept`(`id`,`user_id`,`dept_id`,`type`,`created_time`,`created_by`,`updated_time`,`updated_by`) values 
(1850860984357605377,1832613139325480962,1850860984328245249,2,'2024-10-28 19:23:41',1832613139325480962,NULL,NULL),
(1850861040443838466,1832613139325480962,1850861040414478337,2,'2024-10-28 19:23:54',1832613139325480962,NULL,NULL),
(1850861136489205761,1832613139325480962,1850861136468234242,2,'2024-10-28 19:24:17',1832613139325480962,NULL,NULL),
(1850861167451557890,1832613139325480962,1850861167426392066,2,'2024-10-28 19:24:24',1832613139325480962,NULL,NULL);

/*Table structure for table `fas_user_file_permission` */

DROP TABLE IF EXISTS `fas_user_file_permission`;

CREATE TABLE `fas_user_file_permission` (
  `id` bigint unsigned NOT NULL AUTO_INCREMENT,
  `user_id` bigint NOT NULL,
  `file_id` bigint NOT NULL,
  `file_type` tinyint NOT NULL COMMENT '文件类型(1:文件夹;2:文件)',
  `permission_id` bigint NOT NULL COMMENT '权限id',
  `created_time` timestamp NULL DEFAULT CURRENT_TIMESTAMP,
  `created_by` bigint DEFAULT NULL,
  PRIMARY KEY (`id`)
) ENGINE=InnoDB AUTO_INCREMENT=1850868957813395459 DEFAULT CHARSET=utf8mb4 COLLATE=utf8mb4_0900_ai_ci;

/*Data for the table `fas_user_file_permission` */

insert  into `fas_user_file_permission`(`id`,`user_id`,`file_id`,`file_type`,`permission_id`,`created_time`,`created_by`) values 
(1850862034951065602,1832613139325480962,1850862034871373826,1,1850862034930094082,'2024-10-28 19:27:51',1832613139325480962),
(1850862180375973890,1832613139325480962,1850862180334030849,1,1850862180355002369,'2024-10-28 19:28:25',1832613139325480962),
(1850862444835229698,1832613139325480962,1850862444789092354,1,1850862444814258178,'2024-10-28 19:29:28',1832613139325480962),
(1850863684419833857,1832613139325480962,1850863684382085122,1,1850863684407250946,'2024-10-28 19:34:24',1832613139325480962),
(1850863965383675905,1832613139325480962,1850863965345927170,1,1850863965366898689,'2024-10-28 19:35:31',1832613139325480962),
(1850864053870907394,1832613139325480962,1850864053828964353,1,1850864053849935873,'2024-10-28 19:35:52',1832613139325480962),
(1850864374034714626,1832613139325480962,1850864373988577282,1,1850864374017937409,'2024-10-28 19:37:08',1832613139325480962),
(1850864451570618370,1832613139325480962,1850864451528675330,1,1850864451549646849,'2024-10-28 19:37:27',1832613139325480962),
(1850864622459146241,1832613139325480962,1850864622408814594,1,1850864622429786113,'2024-10-28 19:38:08',1832613139325480962),
(1850864693636485122,1832613139325480962,1850864693598736386,1,1850864693619707906,'2024-10-28 19:38:25',1832613139325480962),
(1850864755406000130,1832613139325480962,1850864755368251394,1,1850864755389222914,'2024-10-28 19:38:39',1832613139325480962),
(1850864817209069569,1832613139325480962,1850864817167126530,1,1850864817188098049,'2024-10-28 19:38:54',1832613139325480962),
(1850865648587231233,1832613139325480962,1850865648545288194,1,1850865648566259714,'2024-10-28 19:42:12',1832613139325480962),
(1850865706875473921,1832613139325480962,1850865706837725186,1,1850865706858696706,'2024-10-28 19:42:26',1832613139325480962),
(1850865771954294785,1832613139325480962,1850865771912351745,1,1850865771933323266,'2024-10-28 19:42:42',1832613139325480962),
(1850865914212503553,1832613139325480962,1850865914170560514,1,1850865914191532033,'2024-10-28 19:43:16',1832613139325480962),
(1850866138465161218,1832613139325480962,1850866138423218177,1,1850866138444189697,'2024-10-28 19:44:09',1832613139325480962),
(1850866232367239170,1832613139325480962,1850866232329490434,1,1850866232346267649,'2024-10-28 19:44:31',1832613139325480962),
(1850866288352808962,1832613139325480962,1850866288315060225,1,1850866288336031746,'2024-10-28 19:44:45',1832613139325480962),
(1850866341347840001,1832613139325480962,1850866341301702657,1,1850866341326868482,'2024-10-28 19:44:57',1832613139325480962),
(1850866414186123266,1832613139325480962,1850866414148374529,1,1850866414169346049,'2024-10-28 19:45:15',1832613139325480962),
(1850866466543620097,1832613139325480962,1850866466501677058,1,1850866466522648577,'2024-10-28 19:45:27',1832613139325480962),
(1850866544746418177,1832613139325480962,1850866544700280833,1,1850866544721252353,'2024-10-28 19:45:46',1832613139325480962),
(1850866601902198786,1832613139325480962,1850866601856061441,1,1850866601885421569,'2024-10-28 19:45:59',1832613139325480962),
(1850866703056228354,1832613139325480962,1850866703014285314,1,1850866703039451138,'2024-10-28 19:46:24',1832613139325480962),
(1850866746186256385,1832613139325480962,1850866746144313346,1,1850866746165284866,'2024-10-28 19:46:34',1832613139325480962),
(1850866962759143426,1832613139325480962,1850866962721394689,1,1850866962742366210,'2024-10-28 19:47:26',1832613139325480962),
(1850867015427018754,1832613139325480962,1850867015385075714,1,1850867015406047234,'2024-10-28 19:47:38',1832613139325480962),
(1850867069969747970,1832613139325480962,1850867069923610625,1,1850867069944582146,'2024-10-28 19:47:51',1832613139325480962),
(1850867147795058689,1832613139325480962,1850867147761504257,1,1850867147778281474,'2024-10-28 19:48:10',1832613139325480962),
(1850867205475127297,1832613139325480962,1850867205433184257,1,1850867205458350082,'2024-10-28 19:48:23',1832613139325480962),
(1850867259392905218,1832613139325480962,1850867259350962178,1,1850867259371933698,'2024-10-28 19:48:36',1832613139325480962),
(1850867372462952450,1832613139325480962,1850867372416815105,1,1850867372437786626,'2024-10-28 19:49:03',1832613139325480962),
(1850867565564514305,1832613139325480962,1850867565522571265,1,1850867565543542785,'2024-10-28 19:49:49',1832613139325480962),
(1850867635986878466,1832613139325480962,1850867635953324033,1,1850867635974295553,'2024-10-28 19:50:06',1832613139325480962),
(1850867706635735042,1832613139325480962,1850867706593792002,1,1850867706618957826,'2024-10-28 19:50:23',1832613139325480962),
(1850868054087684097,1832613139325480962,1850868054045741057,1,1850868054066712577,'2024-10-28 19:51:46',1832613139325480962),
(1850868120697425921,1832613139325480962,1850868120651288578,1,1850868120676454402,'2024-10-28 19:52:02',1832613139325480962),
(1850868270929006593,1832613139325480962,1850868270887063554,1,1850868270908035073,'2024-10-28 19:52:37',1832613139325480962),
(1850868414395174913,1832613139325480962,1850868414353231873,1,1850868414374203393,'2024-10-28 19:53:12',1832613139325480962),
(1850868591537410050,1832613139325480962,1850868591503855618,1,1850868591524827138,'2024-10-28 19:53:54',1832613139325480962),
(1850868658914709506,1832613139325480962,1850868658881155074,1,1850868658902126593,'2024-10-28 19:54:10',1832613139325480962),
(1850868719795032066,1832613139325480962,1850868719757283330,1,1850868719774060546,'2024-10-28 19:54:24',1832613139325480962),
(1850868861898051586,1832613139325480962,1850868861851914242,1,1850868861877080065,'2024-10-28 19:54:58',1832613139325480962),
(1850868957813395458,1832613139325480962,1850868957767258114,1,1850868957788229634,'2024-10-28 19:55:21',1832613139325480962);

/*Table structure for table `fas_user_role` */

DROP TABLE IF EXISTS `fas_user_role`;

CREATE TABLE `fas_user_role` (
  `id` bigint unsigned NOT NULL AUTO_INCREMENT,
  `user_id` bigint NOT NULL COMMENT '用户id',
  `role_id` bigint NOT NULL COMMENT '角色id',
  `created_time` timestamp NOT NULL DEFAULT CURRENT_TIMESTAMP COMMENT '创建时间',
  `created_by` bigint NOT NULL DEFAULT '-1' COMMENT '创建者（-1：为系统本身，-2为用户自己操作）',
  `updated_time` timestamp NULL DEFAULT NULL COMMENT '更新时间',
  `updated_by` bigint DEFAULT NULL COMMENT '更新者（-1：为系统本身，-2为用户自己操作）',
  PRIMARY KEY (`id`)
) ENGINE=InnoDB AUTO_INCREMENT=1850183041335586818 DEFAULT CHARSET=utf8mb4 COLLATE=utf8mb4_0900_ai_ci;

/*Data for the table `fas_user_role` */

insert  into `fas_user_role`(`id`,`user_id`,`role_id`,`created_time`,`created_by`,`updated_time`,`updated_by`) values 
(1,1832613139325480962,1,'2024-09-08 10:54:41',-1,NULL,NULL),
(1850183041335586817,1846929108286808065,1843259288415686658,'2024-10-26 22:29:46',-1,NULL,NULL);

/*!40101 SET SQL_MODE=@OLD_SQL_MODE */;
/*!40014 SET FOREIGN_KEY_CHECKS=@OLD_FOREIGN_KEY_CHECKS */;
/*!40014 SET UNIQUE_CHECKS=@OLD_UNIQUE_CHECKS */;
/*!40111 SET SQL_NOTES=@OLD_SQL_NOTES */;
